code,time,direct,action,price,qty,tag,fee,barno
DCE.m.HOT,202108312110,LONG,OPEN,3508,5,,7.55,1
DCE.y.HOT,202108312110,SHORT,OPEN,9082,5,,12.55,1
DCE.c.HOT,202108312110,SHORT,OPEN,2479,5,,6.05,1
DCE.cs.HOT,202108312110,SHORT,OPEN,2827,5,,7.55,1
DCE.y.HOT,202108312115,SHORT,CLOSE,9068,5,,0,2
DCE.y.HOT,202108312115,LONG,OPEN,9068,5,,12.55,2
DCE.c.HOT,202108312135,SHORT,CLOSE,2475,5,,0,6
DCE.c.HOT,202108312135,LONG,OPEN,2475,5,,6.05,6
DCE.c.HOT,202108312140,LONG,CLOSE,2476,1,,0,7
DCE.c.HOT,202108312145,LONG,CLOSE,2475,4,,0,8
DCE.c.HOT,202108312145,SHORT,OPEN,2475,5,,6.05,8
DCE.cs.HOT,202108312200,SHORT,CLOSE,2830,1,,0,11
DCE.cs.HOT,202108312205,SHORT,CLOSE,2834,4,,0,12
DCE.cs.HOT,202108312205,LONG,OPEN,2834,3,,4.53,12
DCE.cs.HOT,202108312210,LONG,OPEN,2840,2,,3.02,13
DCE.m.HOT,202108312220,LONG,CLOSE,3490,5,,0,15
DCE.m.HOT,202108312220,SHORT,OPEN,3490,3,,4.53,15
DCE.m.HOT,202108312225,SHORT,CLOSE,3491,2,,0,16
DCE.m.HOT,202108312235,SHORT,OPEN,3489,4,,6.04,18
DCE.m.HOT,202108312300,SHORT,CLOSE,3490,1,,0,23
DCE.m.HOT,202109010905,SHORT,OPEN,3498,1,,1.51,24
DCE.cs.HOT,202109010920,LONG,CLOSE,2854,3,,0,27
DCE.cs.HOT,202109010920,LONG,CLOSE,2854,2,,0,27
DCE.cs.HOT,202109010920,SHORT,OPEN,2854,3,,4.53,27
DCE.m.HOT,202109010925,SHORT,CLOSE,3488,4,,0,28
DCE.m.HOT,202109010925,SHORT,CLOSE,3488,1,,0,28
DCE.m.HOT,202109010925,LONG,OPEN,3488,4,,6.04,28
DCE.y.HOT,202109010925,LONG,CLOSE,8972,5,,0,28
DCE.y.HOT,202109010925,SHORT,OPEN,8972,5,,12.55,28
DCE.cs.HOT,202109010925,SHORT,OPEN,2856,1,,1.51,28
DCE.y.HOT,202109010930,SHORT,CLOSE,8968,5,,0,29
DCE.y.HOT,202109010930,LONG,OPEN,8968,5,,12.55,29
DCE.cs.HOT,202109010930,SHORT,CLOSE,2855,3,,0,29
DCE.cs.HOT,202109010930,SHORT,CLOSE,2855,1,,0,29
DCE.cs.HOT,202109010930,LONG,OPEN,2855,5,,7.55,29
DCE.m.HOT,202109010935,LONG,CLOSE,3486,4,,0,30
DCE.m.HOT,202109010935,SHORT,OPEN,3486,5,,7.55,30
DCE.y.HOT,202109010940,LONG,CLOSE,8962,2,,0,31
DCE.y.HOT,202109010945,LONG,CLOSE,8960,3,,0,32
DCE.y.HOT,202109010945,SHORT,OPEN,8960,3,,7.53,32
DCE.y.HOT,202109010950,SHORT,CLOSE,8964,3,,0,33
DCE.y.HOT,202109010950,LONG,OPEN,8964,5,,12.55,33
DCE.y.HOT,202109011000,LONG,CLOSE,8966,5,,0,35
DCE.y.HOT,202109011000,SHORT,OPEN,8966,5,,12.55,35
DCE.c.HOT,202109011000,SHORT,CLOSE,2478,2,,0,35
DCE.cs.HOT,202109011000,LONG,CLOSE,2863,5,,0,35
DCE.c.HOT,202109011005,SHORT,CLOSE,2477,3,,0,36
DCE.c.HOT,202109011005,LONG,OPEN,2477,5,,6.05,36
DCE.cs.HOT,202109011005,SHORT,OPEN,2864,5,,7.55,36
DCE.y.HOT,202109011010,SHORT,CLOSE,8964,1,,0,37
DCE.c.HOT,202109011010,LONG,CLOSE,2476,1,,0,37
DCE.y.HOT,202109011015,SHORT,CLOSE,8954,4,,0,38
DCE.y.HOT,202109011015,LONG,OPEN,8954,5,,12.55,38
DCE.c.HOT,202109011015,LONG,CLOSE,2477,1,,0,38
DCE.cs.HOT,202109011015,SHORT,CLOSE,2864,5,,0,38
DCE.cs.HOT,202109011015,LONG,OPEN,2864,5,,7.55,38
DCE.c.HOT,202109011035,LONG,OPEN,2475,2,,2.42,39
DCE.c.HOT,202109011050,LONG,CLOSE,2473,3,,0,42
DCE.c.HOT,202109011050,LONG,CLOSE,2473,2,,0,42
DCE.c.HOT,202109011050,SHORT,OPEN,2473,5,,6.05,42
DCE.cs.HOT,202109011050,LONG,CLOSE,2863,5,,0,42
DCE.cs.HOT,202109011050,SHORT,OPEN,2863,1,,1.51,42
DCE.cs.HOT,202109011055,SHORT,CLOSE,2862,1,,0,43
DCE.cs.HOT,202109011055,LONG,OPEN,2862,4,,6.04,43
DCE.cs.HOT,202109011100,LONG,OPEN,2861,1,,1.51,44
DCE.c.HOT,202109011105,SHORT,CLOSE,2472,5,,0,45
DCE.c.HOT,202109011105,LONG,OPEN,2472,4,,4.84,45
DCE.c.HOT,202109011110,LONG,OPEN,2475,1,,1.21,46
DCE.c.HOT,202109011115,LONG,CLOSE,2475,1,,0,47
DCE.c.HOT,202109011120,LONG,CLOSE,2476,3,,0,48
DCE.c.HOT,202109011120,LONG,CLOSE,2476,1,,0,48
DCE.c.HOT,202109011120,SHORT,OPEN,2476,3,,3.63,48
DCE.c.HOT,202109011130,SHORT,CLOSE,2476,3,,0,50
DCE.c.HOT,202109011130,LONG,OPEN,2476,3,,3.63,50
DCE.cs.HOT,202109011130,LONG,CLOSE,2862,4,,0,50
DCE.cs.HOT,202109011130,LONG,CLOSE,2862,1,,0,50
DCE.cs.HOT,202109011130,SHORT,OPEN,2862,3,,4.53,50
DCE.c.HOT,202109011335,LONG,OPEN,2476,2,,2.42,51
DCE.cs.HOT,202109011335,SHORT,OPEN,2860,2,,3.02,51
DCE.c.HOT,202109011350,LONG,CLOSE,2472,1,,0,54
DCE.c.HOT,202109011355,LONG,OPEN,2466,1,,1.21,55
DCE.c.HOT,202109011440,LONG,CLOSE,2468,2,,0,64
DCE.c.HOT,202109011440,LONG,CLOSE,2468,2,,0,64
DCE.c.HOT,202109011440,LONG,CLOSE,2468,1,,0,64
DCE.c.HOT,202109011445,SHORT,OPEN,2467,5,,6.05,65
DCE.c.HOT,202109012115,SHORT,CLOSE,2468,5,,6.05,71
DCE.c.HOT,202109012120,SHORT,OPEN,2465,5,,6.05,72
DCE.m.HOT,202109012130,SHORT,CLOSE,3489,1,,1.51,74
DCE.m.HOT,202109012135,SHORT,OPEN,3487,1,,1.51,75
DCE.c.HOT,202109012135,SHORT,CLOSE,2467,5,,0,75
DCE.c.HOT,202109012135,LONG,OPEN,2467,5,,6.05,75
DCE.c.HOT,202109012150,LONG,CLOSE,2468,3,,0,78
DCE.cs.HOT,202109012150,SHORT,CLOSE,2880,3,,4.53,78
DCE.cs.HOT,202109012150,SHORT,CLOSE,2880,2,,3.02,78
DCE.cs.HOT,202109012150,LONG,OPEN,2880,5,,7.55,78
DCE.c.HOT,202109012155,LONG,CLOSE,2468,2,,0,79
DCE.c.HOT,202109012155,SHORT,OPEN,2468,5,,6.05,79
DCE.c.HOT,202109012200,SHORT,CLOSE,2467,5,,0,80
DCE.c.HOT,202109012200,LONG,OPEN,2467,5,,6.05,80
DCE.cs.HOT,202109012245,LONG,CLOSE,2883,2,,0,89
DCE.cs.HOT,202109012250,LONG,OPEN,2884,2,,3.02,90
DCE.m.HOT,202109020905,SHORT,CLOSE,3478,4,,6.04,93
DCE.m.HOT,202109020905,SHORT,CLOSE,3478,1,,0,93
DCE.m.HOT,202109020905,LONG,OPEN,3478,5,,7.55,93
DCE.cs.HOT,202109020910,LONG,CLOSE,2875,3,,0,94
DCE.cs.HOT,202109020910,LONG,CLOSE,2875,1,,0,94
DCE.cs.HOT,202109020915,LONG,OPEN,2871,4,,6.04,95
DCE.c.HOT,202109020930,LONG,CLOSE,2460,1,,0,98
DCE.c.HOT,202109020935,LONG,CLOSE,2461,4,,0,99
DCE.c.HOT,202109020935,SHORT,OPEN,2461,5,,6.05,99
DCE.c.HOT,202109021005,SHORT,CLOSE,2463,2,,0,105
DCE.c.HOT,202109021010,SHORT,CLOSE,2465,3,,0,106
DCE.c.HOT,202109021010,LONG,OPEN,2465,3,,3.63,106
DCE.c.HOT,202109021015,LONG,OPEN,2466,2,,2.42,107
DCE.m.HOT,202109021120,LONG,CLOSE,3484,5,,0,117
DCE.c.HOT,202109021120,LONG,CLOSE,2475,3,,0,117
DCE.c.HOT,202109021120,LONG,CLOSE,2475,2,,0,117
DCE.c.HOT,202109021120,SHORT,OPEN,2475,5,,6.05,117
DCE.m.HOT,202109021130,LONG,OPEN,3488,5,,7.55,119
DCE.cs.HOT,202109021130,LONG,CLOSE,2888,1,,0,119
DCE.cs.HOT,202109021130,LONG,CLOSE,2888,2,,0,119
DCE.cs.HOT,202109021335,LONG,CLOSE,2888,2,,0,120
DCE.cs.HOT,202109021335,SHORT,OPEN,2888,5,,7.55,120
DCE.c.HOT,202109021340,SHORT,CLOSE,2485,3,,0,121
DCE.cs.HOT,202109021340,SHORT,CLOSE,2890,5,,0,121
DCE.cs.HOT,202109021340,LONG,OPEN,2890,1,,1.51,121
DCE.c.HOT,202109021345,SHORT,OPEN,2488,3,,3.63,122
DCE.cs.HOT,202109021345,LONG,CLOSE,2894,1,,0,122
DCE.cs.HOT,202109021345,SHORT,OPEN,2894,5,,7.55,122
DCE.m.HOT,202109021355,LONG,CLOSE,3488,1,,0,124
DCE.m.HOT,202109021400,LONG,CLOSE,3486,4,,0,125
DCE.m.HOT,202109021400,SHORT,OPEN,3486,1,,1.51,125
DCE.m.HOT,202109021405,SHORT,OPEN,3489,4,,6.04,126
DCE.m.HOT,202109022105,SHORT,CLOSE,3504,1,,1.51,138
DCE.m.HOT,202109022105,SHORT,CLOSE,3504,4,,6.04,138
DCE.m.HOT,202109022105,LONG,OPEN,3504,5,,7.55,138
DCE.c.HOT,202109022105,SHORT,CLOSE,2497,2,,2.42,138
DCE.c.HOT,202109022105,SHORT,CLOSE,2497,2,,2.42,138
DCE.m.HOT,202109022110,LONG,CLOSE,3507,2,,0,139
DCE.c.HOT,202109022110,SHORT,OPEN,2490,4,,4.84,139
DCE.m.HOT,202109022115,LONG,OPEN,3506,1,,1.51,140
DCE.m.HOT,202109022120,LONG,OPEN,3504,1,,1.51,141
DCE.cs.HOT,202109022125,SHORT,CLOSE,2896,5,,7.55,142
DCE.cs.HOT,202109022125,LONG,OPEN,2896,5,,7.55,142
DCE.m.HOT,202109022245,LONG,CLOSE,3501,2,,0,158
DCE.m.HOT,202109022250,LONG,OPEN,3503,2,,3.02,159
DCE.cs.HOT,202109030935,LONG,CLOSE,2899,1,,0,168
DCE.cs.HOT,202109030940,LONG,CLOSE,2899,3,,0,169
DCE.cs.HOT,202109030945,LONG,OPEN,2897,4,,6.04,170
DCE.cs.HOT,202109030950,LONG,CLOSE,2898,1,,0,171
DCE.cs.HOT,202109030950,LONG,CLOSE,2898,1,,0,171
DCE.cs.HOT,202109030955,LONG,OPEN,2901,2,,3.02,172
DCE.cs.HOT,202109031005,LONG,CLOSE,2899,3,,0,174
DCE.cs.HOT,202109031010,LONG,OPEN,2901,3,,4.53,175
DCE.c.HOT,202109032120,SHORT,CLOSE,2486,1,,1.21,210
DCE.c.HOT,202109032125,SHORT,OPEN,2483,1,,1.21,211
DCE.m.HOT,202109032155,LONG,CLOSE,3488,1,,1.51,217
DCE.m.HOT,202109032200,LONG,OPEN,3485,1,,1.51,218
DCE.c.HOT,202109032215,SHORT,CLOSE,2476,4,,4.84,221
DCE.m.HOT,202109032220,LONG,CLOSE,3473,1,,1.51,222
DCE.m.HOT,202109032220,LONG,CLOSE,3473,1,,1.51,222
DCE.m.HOT,202109032220,LONG,CLOSE,3473,2,,3.02,222
DCE.m.HOT,202109032220,LONG,CLOSE,3473,1,,0,222
DCE.m.HOT,202109032220,SHORT,OPEN,3473,4,,6.04,222
DCE.c.HOT,202109032220,SHORT,CLOSE,2479,1,,0,222
DCE.c.HOT,202109032220,LONG,OPEN,2479,5,,6.05,222
DCE.m.HOT,202109032225,SHORT,OPEN,3476,1,,1.51,223
DCE.c.HOT,202109032225,LONG,CLOSE,2480,5,,0,223
DCE.c.HOT,202109032225,SHORT,OPEN,2480,4,,4.84,223
DCE.c.HOT,202109032245,SHORT,OPEN,2476,1,,1.21,227
DCE.c.HOT,202109032250,SHORT,CLOSE,2476,4,,0,228
DCE.c.HOT,202109032250,SHORT,CLOSE,2476,1,,0,228
DCE.c.HOT,202109032250,LONG,OPEN,2476,3,,3.63,228
DCE.c.HOT,202109032255,LONG,CLOSE,2475,1,,0,229
DCE.c.HOT,202109032300,LONG,CLOSE,2476,2,,0,230
DCE.c.HOT,202109032300,SHORT,OPEN,2476,4,,4.84,230
DCE.c.HOT,202109060905,SHORT,CLOSE,2473,4,,0,231
DCE.c.HOT,202109060905,LONG,OPEN,2473,5,,6.05,231
DCE.c.HOT,202109060955,LONG,CLOSE,2467,4,,0,241
DCE.c.HOT,202109061000,LONG,OPEN,2467,4,,4.84,242
DCE.c.HOT,202109061005,LONG,CLOSE,2467,1,,0,243
DCE.c.HOT,202109061005,LONG,CLOSE,2467,4,,0,243
DCE.c.HOT,202109061005,SHORT,OPEN,2467,5,,6.05,243
DCE.m.HOT,202109061015,SHORT,CLOSE,3465,4,,0,245
DCE.m.HOT,202109061015,SHORT,CLOSE,3465,1,,0,245
DCE.m.HOT,202109061015,LONG,OPEN,3465,5,,7.55,245
DCE.c.HOT,202109061045,SHORT,CLOSE,2464,5,,0,248
DCE.c.HOT,202109061045,LONG,OPEN,2464,5,,6.05,248
DCE.m.HOT,202109061050,LONG,CLOSE,3470,2,,0,249
DCE.m.HOT,202109061055,LONG,OPEN,3471,2,,3.02,250
DCE.c.HOT,202109061105,LONG,CLOSE,2465,1,,0,252
DCE.c.HOT,202109061110,LONG,CLOSE,2464,4,,0,253
DCE.c.HOT,202109061110,SHORT,OPEN,2464,5,,6.05,253
DCE.c.HOT,202109061115,SHORT,CLOSE,2463,1,,0,254
DCE.c.HOT,202109061120,SHORT,OPEN,2462,1,,1.21,255
DCE.c.HOT,202109061125,SHORT,CLOSE,2463,1,,0,256
DCE.c.HOT,202109061130,SHORT,OPEN,2463,1,,1.21,257
DCE.c.HOT,202109061335,SHORT,CLOSE,2462,3,,0,258
DCE.m.HOT,202109061340,LONG,CLOSE,3487,3,,0,259
DCE.m.HOT,202109061340,LONG,CLOSE,3487,2,,0,259
DCE.m.HOT,202109061340,SHORT,OPEN,3487,5,,7.55,259
DCE.c.HOT,202109061340,SHORT,OPEN,2463,3,,3.63,259
DCE.c.HOT,202109061410,SHORT,CLOSE,2461,1,,0,265
DCE.c.HOT,202109061410,SHORT,CLOSE,2461,1,,0,265
DCE.c.HOT,202109061410,SHORT,CLOSE,2461,1,,0,265
DCE.c.HOT,202109061415,SHORT,OPEN,2461,3,,3.63,266
DCE.m.HOT,202109061430,SHORT,CLOSE,3486,1,,0,269
DCE.m.HOT,202109061435,SHORT,CLOSE,3485,4,,0,270
DCE.m.HOT,202109061435,LONG,OPEN,3485,4,,6.04,270
DCE.c.HOT,202109061435,SHORT,CLOSE,2463,2,,0,270
DCE.c.HOT,202109061435,SHORT,CLOSE,2463,1,,0,270
DCE.m.HOT,202109061440,LONG,OPEN,3485,1,,1.51,271
DCE.c.HOT,202109061440,SHORT,CLOSE,2464,2,,0,271
DCE.c.HOT,202109061440,LONG,OPEN,2464,1,,1.21,271
DCE.c.HOT,202109061445,LONG,CLOSE,2463,1,,0,272
DCE.c.HOT,202109061445,SHORT,OPEN,2463,5,,6.05,272
DCE.c.HOT,202109061500,SHORT,CLOSE,2461,1,,0,275
DCE.m.HOT,202109062105,LONG,CLOSE,3486,1,,1.51,276
DCE.c.HOT,202109062105,SHORT,CLOSE,2465,4,,4.84,276
DCE.c.HOT,202109062105,LONG,OPEN,2465,5,,6.05,276
DCE.m.HOT,202109062110,LONG,CLOSE,3483,3,,4.53,277
DCE.m.HOT,202109062110,LONG,CLOSE,3483,1,,1.51,277
DCE.m.HOT,202109062110,SHORT,OPEN,3483,5,,7.55,277
DCE.m.HOT,202109062115,SHORT,CLOSE,3483,5,,0,278
DCE.m.HOT,202109062115,LONG,OPEN,3483,5,,7.55,278
DCE.c.HOT,202109062115,LONG,CLOSE,2461,5,,0,278
DCE.c.HOT,202109062115,SHORT,OPEN,2461,5,,6.05,278
DCE.cs.HOT,202109062115,LONG,CLOSE,2876,2,,3.02,278
DCE.m.HOT,202109062120,LONG,CLOSE,3485,2,,0,279
DCE.cs.HOT,202109062120,LONG,CLOSE,2877,1,,1.51,279
DCE.m.HOT,202109062125,LONG,CLOSE,3485,3,,0,280
DCE.cs.HOT,202109062125,LONG,CLOSE,2882,2,,3.02,280
DCE.cs.HOT,202109062125,SHORT,OPEN,2882,5,,7.55,280
DCE.m.HOT,202109062130,SHORT,OPEN,3486,5,,7.55,281
DCE.m.HOT,202109062205,SHORT,CLOSE,3488,5,,0,288
DCE.m.HOT,202109062205,LONG,OPEN,3488,5,,7.55,288
DCE.c.HOT,202109062205,SHORT,CLOSE,2462,5,,0,288
DCE.c.HOT,202109062205,LONG,OPEN,2462,5,,6.05,288
DCE.cs.HOT,202109062210,SHORT,CLOSE,2888,5,,0,289
DCE.cs.HOT,202109062210,LONG,OPEN,2888,4,,6.04,289
DCE.m.HOT,202109062215,LONG,CLOSE,3496,5,,0,290
DCE.m.HOT,202109062215,SHORT,OPEN,3496,5,,7.55,290
DCE.cs.HOT,202109062215,LONG,CLOSE,2888,4,,0,290
DCE.cs.HOT,202109062215,SHORT,OPEN,2888,4,,6.04,290
DCE.m.HOT,202109062220,SHORT,CLOSE,3502,5,,0,291
DCE.m.HOT,202109062220,LONG,OPEN,3502,5,,7.55,291
DCE.cs.HOT,202109062220,SHORT,OPEN,2887,1,,1.51,291
DCE.m.HOT,202109062225,LONG,CLOSE,3505,5,,0,292
DCE.m.HOT,202109062225,SHORT,OPEN,3505,5,,7.55,292
DCE.cs.HOT,202109062225,SHORT,CLOSE,2891,4,,0,292
DCE.cs.HOT,202109062225,SHORT,CLOSE,2891,1,,0,292
DCE.cs.HOT,202109062225,LONG,OPEN,2891,2,,3.02,292
DCE.cs.HOT,202109062230,LONG,OPEN,2891,1,,1.51,293
DCE.m.HOT,202109062235,SHORT,CLOSE,3504,5,,0,294
DCE.m.HOT,202109062235,LONG,OPEN,3504,5,,7.55,294
DCE.cs.HOT,202109062235,LONG,CLOSE,2888,2,,0,294
DCE.cs.HOT,202109062235,LONG,CLOSE,2888,1,,0,294
DCE.cs.HOT,202109062235,SHORT,OPEN,2888,5,,7.55,294
DCE.cs.HOT,202109062300,SHORT,CLOSE,2887,5,,0,299
DCE.cs.HOT,202109070905,LONG,OPEN,2885,5,,7.55,300
DCE.m.HOT,202109070910,LONG,CLOSE,3489,5,,0,301
DCE.m.HOT,202109070910,SHORT,OPEN,3489,2,,3.02,301
DCE.cs.HOT,202109070910,LONG,CLOSE,2882,2,,0,301
DCE.m.HOT,202109070915,SHORT,CLOSE,3483,2,,0,302
DCE.m.HOT,202109070915,LONG,OPEN,3483,3,,4.53,302
DCE.cs.HOT,202109070915,LONG,OPEN,2881,2,,3.02,302
DCE.m.HOT,202109070920,LONG,CLOSE,3487,3,,0,303
DCE.m.HOT,202109070920,SHORT,OPEN,3487,5,,7.55,303
DCE.cs.HOT,202109070935,LONG,CLOSE,2879,1,,0,306
DCE.cs.HOT,202109070940,LONG,CLOSE,2880,1,,0,307
DCE.cs.HOT,202109070945,LONG,CLOSE,2879,1,,0,308
DCE.cs.HOT,202109070945,LONG,CLOSE,2879,2,,0,308
DCE.cs.HOT,202109070945,SHORT,OPEN,2879,5,,7.55,308
DCE.m.HOT,202109071100,SHORT,CLOSE,3515,2,,0,320
DCE.m.HOT,202109071110,SHORT,CLOSE,3517,3,,0,322
DCE.m.HOT,202109071115,SHORT,OPEN,3519,5,,7.55,323
DCE.m.HOT,202109071120,SHORT,CLOSE,3518,5,,0,324
DCE.m.HOT,202109071120,LONG,OPEN,3518,2,,3.02,324
DCE.m.HOT,202109071125,LONG,CLOSE,3518,2,,0,325
DCE.m.HOT,202109071125,SHORT,OPEN,3518,3,,4.53,325
DCE.m.HOT,202109071130,SHORT,OPEN,3519,2,,3.02,326
DCE.m.HOT,202109071345,SHORT,CLOSE,3516,3,,0,329
DCE.m.HOT,202109071345,SHORT,CLOSE,3516,2,,0,329
DCE.m.HOT,202109071350,LONG,OPEN,3517,5,,7.55,330
DCE.cs.HOT,202109071350,SHORT,CLOSE,2872,5,,0,330
DCE.cs.HOT,202109071350,LONG,OPEN,2872,5,,7.55,330
DCE.cs.HOT,202109071420,LONG,CLOSE,2872,5,,0,336
DCE.cs.HOT,202109071420,SHORT,OPEN,2872,5,,7.55,336
DCE.cs.HOT,202109071425,SHORT,CLOSE,2871,5,,0,337
DCE.cs.HOT,202109071430,SHORT,OPEN,2873,5,,7.55,338
DCE.cs.HOT,202109071435,SHORT,CLOSE,2871,5,,0,339
DCE.cs.HOT,202109071435,LONG,OPEN,2871,4,,6.04,339
DCE.cs.HOT,202109071440,LONG,OPEN,2869,1,,1.51,340
DCE.m.HOT,202109072145,LONG,CLOSE,3511,5,,7.55,353
DCE.m.HOT,202109072145,SHORT,OPEN,3511,5,,7.55,353
DCE.c.HOT,202109072235,LONG,CLOSE,2475,5,,6.05,363
DCE.c.HOT,202109072235,SHORT,OPEN,2475,5,,6.05,363
DCE.c.HOT,202109072240,SHORT,CLOSE,2475,2,,0,364
DCE.c.HOT,202109072245,SHORT,OPEN,2476,2,,2.42,365
DCE.m.HOT,202109072255,SHORT,CLOSE,3498,5,,0,367
DCE.m.HOT,202109072300,SHORT,OPEN,3500,2,,3.02,368
DCE.m.HOT,202109080905,SHORT,CLOSE,3499,2,,0,369
DCE.m.HOT,202109080905,LONG,OPEN,3499,1,,1.51,369
DCE.m.HOT,202109080910,LONG,CLOSE,3503,1,,0,370
DCE.m.HOT,202109080910,SHORT,OPEN,3503,5,,7.55,370
DCE.c.HOT,202109080920,SHORT,CLOSE,2478,3,,0,372
DCE.c.HOT,202109080920,SHORT,CLOSE,2478,2,,0,372
DCE.c.HOT,202109080920,LONG,OPEN,2478,5,,6.05,372
DCE.c.HOT,202109080955,LONG,CLOSE,2475,4,,0,379
DCE.c.HOT,202109081000,LONG,CLOSE,2475,1,,0,380
DCE.c.HOT,202109081000,SHORT,OPEN,2475,3,,3.63,380
DCE.c.HOT,202109081005,SHORT,CLOSE,2473,3,,0,381
DCE.c.HOT,202109081005,LONG,OPEN,2473,5,,6.05,381
DCE.m.HOT,202109081010,SHORT,CLOSE,3510,1,,0,382
DCE.m.HOT,202109081015,SHORT,CLOSE,3509,1,,0,383
DCE.m.HOT,202109081035,SHORT,OPEN,3508,2,,3.02,384
DCE.m.HOT,202109081040,SHORT,CLOSE,3512,3,,0,385
DCE.m.HOT,202109081040,SHORT,CLOSE,3512,2,,0,385
DCE.m.HOT,202109081040,LONG,OPEN,3512,5,,7.55,385
DCE.c.HOT,202109081040,LONG,CLOSE,2476,5,,0,385
DCE.c.HOT,202109081040,SHORT,OPEN,2476,5,,6.05,385
DCE.m.HOT,202109081055,LONG,CLOSE,3511,1,,0,388
DCE.m.HOT,202109081100,LONG,CLOSE,3511,4,,0,389
DCE.m.HOT,202109081100,SHORT,OPEN,3511,4,,6.04,389
DCE.m.HOT,202109081105,SHORT,OPEN,3506,1,,1.51,390
DCE.c.HOT,202109081105,SHORT,CLOSE,2474,2,,0,390
DCE.c.HOT,202109081115,SHORT,OPEN,2475,1,,1.21,392
DCE.c.HOT,202109081120,SHORT,OPEN,2477,1,,1.21,393
DCE.m.HOT,202109081335,SHORT,CLOSE,3504,1,,0,396
DCE.m.HOT,202109081340,SHORT,CLOSE,3504,3,,0,397
DCE.m.HOT,202109081340,SHORT,CLOSE,3504,1,,0,397
DCE.m.HOT,202109081340,LONG,OPEN,3504,5,,7.55,397
DCE.cs.HOT,202109081420,LONG,CLOSE,2828,4,,6.04,405
DCE.cs.HOT,202109081420,LONG,CLOSE,2828,1,,1.51,405
DCE.cs.HOT,202109081420,SHORT,OPEN,2828,5,,7.55,405
DCE.cs.HOT,202109081450,SHORT,CLOSE,2831,5,,0,411
DCE.cs.HOT,202109081450,LONG,OPEN,2831,2,,3.02,411
DCE.cs.HOT,202109081455,LONG,OPEN,2833,3,,4.53,412
DCE.cs.HOT,202109081500,LONG,CLOSE,2834,2,,0,413
DCE.cs.HOT,202109081500,LONG,CLOSE,2834,3,,0,413
DCE.cs.HOT,202109081500,SHORT,OPEN,2834,5,,7.55,413
DCE.cs.HOT,202109082115,SHORT,CLOSE,2829,5,,7.55,416
DCE.cs.HOT,202109082115,LONG,OPEN,2829,5,,7.55,416
DCE.m.HOT,202109082255,LONG,CLOSE,3475,5,,7.55,436
DCE.m.HOT,202109082255,SHORT,OPEN,3475,2,,3.02,436
DCE.m.HOT,202109082300,SHORT,OPEN,3475,3,,4.53,437
DCE.m.HOT,202109090910,SHORT,CLOSE,3482,2,,0,439
DCE.m.HOT,202109090910,SHORT,CLOSE,3482,3,,0,439
DCE.m.HOT,202109090910,LONG,OPEN,3482,5,,7.55,439
DCE.m.HOT,202109090950,LONG,CLOSE,3471,5,,0,447
DCE.m.HOT,202109090950,SHORT,OPEN,3471,5,,7.55,447
DCE.m.HOT,202109090955,SHORT,CLOSE,3473,5,,0,448
DCE.m.HOT,202109090955,LONG,OPEN,3473,5,,7.55,448
DCE.c.HOT,202109091005,SHORT,CLOSE,2455,1,,1.21,450
DCE.c.HOT,202109091015,SHORT,OPEN,2455,1,,1.21,452
DCE.c.HOT,202109091040,SHORT,CLOSE,2457,2,,2.42,454
DCE.c.HOT,202109091040,SHORT,CLOSE,2457,1,,1.21,454
DCE.c.HOT,202109091040,SHORT,CLOSE,2457,1,,1.21,454
DCE.c.HOT,202109091040,SHORT,CLOSE,2457,1,,0,454
DCE.c.HOT,202109091040,LONG,OPEN,2457,2,,2.42,454
DCE.c.HOT,202109091045,LONG,OPEN,2457,2,,2.42,455
DCE.m.HOT,202109091050,LONG,CLOSE,3483,5,,0,456
DCE.m.HOT,202109091050,SHORT,OPEN,3483,1,,1.51,456
DCE.c.HOT,202109091050,LONG,CLOSE,2455,2,,0,456
DCE.c.HOT,202109091050,LONG,CLOSE,2455,2,,0,456
DCE.c.HOT,202109091050,SHORT,OPEN,2455,5,,6.05,456
DCE.cs.HOT,202109091050,LONG,CLOSE,2832,1,,0,456
DCE.m.HOT,202109091055,SHORT,OPEN,3479,4,,6.04,457
DCE.cs.HOT,202109091055,LONG,CLOSE,2840,4,,0,457
DCE.cs.HOT,202109091055,SHORT,OPEN,2840,5,,7.55,457
DCE.m.HOT,202109091100,SHORT,CLOSE,3476,1,,0,458
DCE.m.HOT,202109091100,SHORT,CLOSE,3476,4,,0,458
DCE.m.HOT,202109091100,LONG,OPEN,3476,5,,7.55,458
DCE.m.HOT,202109091105,LONG,CLOSE,3478,4,,0,459
DCE.m.HOT,202109091110,LONG,OPEN,3475,4,,6.04,460
DCE.cs.HOT,202109091125,SHORT,CLOSE,2842,1,,0,463
DCE.m.HOT,202109091130,LONG,CLOSE,3472,1,,0,464
DCE.m.HOT,202109091130,LONG,CLOSE,3472,2,,0,464
DCE.cs.HOT,202109091130,SHORT,CLOSE,2841,4,,0,464
DCE.cs.HOT,202109091130,LONG,OPEN,2841,3,,4.53,464
DCE.m.HOT,202109091335,LONG,CLOSE,3473,2,,0,465
DCE.m.HOT,202109091335,SHORT,OPEN,3473,5,,7.55,465
DCE.cs.HOT,202109091335,LONG,OPEN,2838,2,,3.02,465
DCE.cs.HOT,202109091350,LONG,CLOSE,2837,3,,0,468
DCE.cs.HOT,202109091350,LONG,CLOSE,2837,2,,0,468
DCE.cs.HOT,202109091350,SHORT,OPEN,2837,5,,7.55,468
DCE.c.HOT,202109091425,SHORT,CLOSE,2461,5,,0,475
DCE.c.HOT,202109091425,LONG,OPEN,2461,5,,6.05,475
DCE.cs.HOT,202109091430,SHORT,CLOSE,2840,5,,0,476
DCE.cs.HOT,202109091430,LONG,OPEN,2840,5,,7.55,476
DCE.cs.HOT,202109092105,LONG,CLOSE,2832,5,,7.55,483
DCE.cs.HOT,202109092105,SHORT,OPEN,2832,3,,4.53,483
DCE.cs.HOT,202109092110,SHORT,CLOSE,2829,3,,0,484
DCE.cs.HOT,202109092110,LONG,OPEN,2829,5,,7.55,484
DCE.cs.HOT,202109092115,LONG,CLOSE,2832,3,,0,485
DCE.cs.HOT,202109092120,LONG,CLOSE,2832,2,,0,486
DCE.cs.HOT,202109092120,SHORT,OPEN,2832,5,,7.55,486
DCE.m.HOT,202109092125,SHORT,CLOSE,3474,5,,7.55,487
DCE.m.HOT,202109092125,LONG,OPEN,3474,5,,7.55,487
DCE.m.HOT,202109092135,LONG,CLOSE,3469,5,,0,489
DCE.m.HOT,202109092135,SHORT,OPEN,3469,2,,3.02,489
DCE.m.HOT,202109092140,SHORT,OPEN,3464,3,,4.53,490
DCE.m.HOT,202109101105,SHORT,CLOSE,3466,2,,0,528
DCE.m.HOT,202109101105,SHORT,CLOSE,3466,3,,0,528
DCE.m.HOT,202109101105,LONG,OPEN,3466,2,,3.02,528
DCE.y.HOT,202109101105,LONG,CLOSE,9144,5,,12.55,528
DCE.y.HOT,202109101105,SHORT,OPEN,9144,1,,2.51,528
DCE.m.HOT,202109101110,LONG,CLOSE,3467,2,,0,529
DCE.m.HOT,202109101110,SHORT,OPEN,3467,5,,7.55,529
DCE.y.HOT,202109101110,SHORT,OPEN,9130,4,,10.04,529
DCE.m.HOT,202109101120,SHORT,CLOSE,3469,5,,0,531
DCE.m.HOT,202109101120,LONG,OPEN,3469,3,,4.53,531
DCE.m.HOT,202109101125,LONG,CLOSE,3465,2,,0,532
DCE.m.HOT,202109101130,LONG,OPEN,3465,2,,3.02,533
DCE.m.HOT,202109101335,LONG,CLOSE,3467,1,,0,534
DCE.m.HOT,202109101335,LONG,CLOSE,3467,2,,0,534
DCE.m.HOT,202109101335,SHORT,OPEN,3467,5,,7.55,534
DCE.y.HOT,202109101400,SHORT,CLOSE,8982,1,,0,539
DCE.y.HOT,202109101400,SHORT,CLOSE,8982,4,,0,539
DCE.y.HOT,202109101400,LONG,OPEN,8982,5,,12.55,539
DCE.c.HOT,202109101400,LONG,CLOSE,2459,5,,6.05,539
DCE.c.HOT,202109101400,SHORT,OPEN,2459,5,,6.05,539
DCE.c.HOT,202109101405,SHORT,CLOSE,2459,5,,0,540
DCE.c.HOT,202109101405,LONG,OPEN,2459,1,,1.21,540
DCE.c.HOT,202109101410,LONG,CLOSE,2458,1,,0,541
DCE.c.HOT,202109101410,SHORT,OPEN,2458,5,,6.05,541
DCE.c.HOT,202109101425,SHORT,CLOSE,2457,5,,0,544
DCE.c.HOT,202109101425,LONG,OPEN,2457,3,,3.63,544
DCE.c.HOT,202109101430,LONG,OPEN,2458,2,,2.42,545
DCE.m.HOT,202109101455,SHORT,CLOSE,3495,5,,0,550
DCE.m.HOT,202109101455,LONG,OPEN,3495,5,,7.55,550
DCE.c.HOT,202109101500,LONG,CLOSE,2454,1,,0,551
DCE.c.HOT,202109102105,LONG,OPEN,2459,1,,1.21,552
DCE.cs.HOT,202109102150,SHORT,CLOSE,2849,2,,3.02,561
DCE.cs.HOT,202109102155,SHORT,OPEN,2848,1,,1.51,562
DCE.cs.HOT,202109102200,SHORT,CLOSE,2849,3,,4.53,563
DCE.cs.HOT,202109102200,SHORT,CLOSE,2849,1,,0,563
DCE.cs.HOT,202109102200,LONG,OPEN,2849,3,,4.53,563
DCE.cs.HOT,202109102205,LONG,OPEN,2847,2,,3.02,564
DCE.cs.HOT,202109102215,LONG,CLOSE,2844,3,,0,566
DCE.cs.HOT,202109102220,LONG,CLOSE,2842,2,,0,567
DCE.cs.HOT,202109102220,SHORT,OPEN,2842,5,,7.55,567
DCE.cs.HOT,202109102245,SHORT,CLOSE,2838,2,,0,572
DCE.m.HOT,202109102250,LONG,CLOSE,3507,1,,1.51,573
DCE.cs.HOT,202109102250,SHORT,CLOSE,2837,1,,0,573
DCE.m.HOT,202109102255,LONG,CLOSE,3509,4,,6.04,574
DCE.m.HOT,202109102255,SHORT,OPEN,3509,5,,7.55,574
DCE.cs.HOT,202109102255,SHORT,CLOSE,2834,2,,0,574
DCE.cs.HOT,202109102255,LONG,OPEN,2834,5,,7.55,574
DCE.m.HOT,202109130905,SHORT,CLOSE,3536,5,,0,576
DCE.m.HOT,202109130905,LONG,OPEN,3536,5,,7.55,576
DCE.y.HOT,202109130905,LONG,CLOSE,9024,5,,12.55,576
DCE.y.HOT,202109130905,SHORT,OPEN,9024,4,,10.04,576
DCE.cs.HOT,202109130905,LONG,CLOSE,2831,5,,0,576
DCE.cs.HOT,202109130905,SHORT,OPEN,2831,5,,7.55,576
DCE.y.HOT,202109130910,SHORT,OPEN,9076,1,,2.51,577
DCE.c.HOT,202109130910,LONG,CLOSE,2460,2,,2.42,577
DCE.c.HOT,202109130915,LONG,CLOSE,2456,2,,2.42,578
DCE.c.HOT,202109130915,LONG,CLOSE,2456,1,,0,578
DCE.c.HOT,202109130915,SHORT,OPEN,2456,5,,6.05,578
DCE.y.HOT,202109130920,SHORT,CLOSE,9104,4,,0,579
DCE.y.HOT,202109130920,SHORT,CLOSE,9104,1,,0,579
DCE.y.HOT,202109130920,LONG,OPEN,9104,2,,5.02,579
DCE.c.HOT,202109130920,SHORT,CLOSE,2462,5,,0,579
DCE.c.HOT,202109130920,LONG,OPEN,2462,5,,6.05,579
DCE.y.HOT,202109130925,LONG,OPEN,9094,3,,7.53,580
DCE.y.HOT,202109130935,LONG,CLOSE,9080,2,,0,582
DCE.y.HOT,202109130935,LONG,CLOSE,9080,3,,0,582
DCE.y.HOT,202109130935,SHORT,OPEN,9080,5,,12.55,582
DCE.c.HOT,202109130935,LONG,CLOSE,2461,5,,0,582
DCE.c.HOT,202109130935,SHORT,OPEN,2461,4,,4.84,582
DCE.y.HOT,202109130940,SHORT,CLOSE,9068,2,,0,583
DCE.c.HOT,202109130940,SHORT,OPEN,2461,1,,1.21,583
DCE.y.HOT,202109130945,SHORT,OPEN,9048,2,,5.02,584
DCE.y.HOT,202109130950,SHORT,CLOSE,9042,3,,0,585
DCE.y.HOT,202109130950,SHORT,CLOSE,9042,2,,0,585
DCE.y.HOT,202109130950,LONG,OPEN,9042,4,,10.04,585
DCE.cs.HOT,202109130950,SHORT,CLOSE,2835,5,,0,585
DCE.cs.HOT,202109130950,LONG,OPEN,2835,1,,1.51,585
DCE.y.HOT,202109130955,LONG,CLOSE,9038,4,,0,586
DCE.y.HOT,202109130955,SHORT,OPEN,9038,4,,10.04,586
DCE.cs.HOT,202109130955,LONG,CLOSE,2835,1,,0,586
DCE.cs.HOT,202109130955,SHORT,OPEN,2835,4,,6.04,586
DCE.m.HOT,202109131000,LONG,CLOSE,3529,5,,0,587
DCE.m.HOT,202109131000,SHORT,OPEN,3529,5,,7.55,587
DCE.y.HOT,202109131000,SHORT,CLOSE,9036,4,,0,587
DCE.y.HOT,202109131000,LONG,OPEN,9036,5,,12.55,587
DCE.cs.HOT,202109131000,SHORT,CLOSE,2839,4,,0,587
DCE.cs.HOT,202109131000,LONG,OPEN,2839,5,,7.55,587
DCE.m.HOT,202109131005,SHORT,CLOSE,3525,2,,0,588
DCE.cs.HOT,202109131005,LONG,CLOSE,2841,1,,0,588
DCE.m.HOT,202109131010,SHORT,OPEN,3524,2,,3.02,589
DCE.cs.HOT,202109131010,LONG,OPEN,2838,1,,1.51,589
DCE.cs.HOT,202109131015,LONG,CLOSE,2841,4,,0,590
DCE.cs.HOT,202109131015,LONG,CLOSE,2841,1,,0,590
DCE.cs.HOT,202109131015,SHORT,OPEN,2841,4,,6.04,590
DCE.cs.HOT,202109131035,SHORT,CLOSE,2838,3,,0,591
DCE.cs.HOT,202109131040,SHORT,OPEN,2839,4,,6.04,592
DCE.cs.HOT,202109131045,SHORT,CLOSE,2840,1,,0,593
DCE.cs.HOT,202109131045,SHORT,CLOSE,2840,3,,0,593
DCE.m.HOT,202109131050,SHORT,CLOSE,3529,1,,0,594
DCE.c.HOT,202109131050,SHORT,CLOSE,2475,4,,0,594
DCE.c.HOT,202109131050,SHORT,CLOSE,2475,1,,0,594
DCE.c.HOT,202109131050,LONG,OPEN,2475,5,,6.05,594
DCE.cs.HOT,202109131050,SHORT,OPEN,2843,4,,6.04,594
DCE.m.HOT,202109131055,SHORT,OPEN,3531,1,,1.51,595
DCE.c.HOT,202109131100,LONG,CLOSE,2473,1,,0,596
DCE.c.HOT,202109131105,LONG,CLOSE,2472,4,,0,597
DCE.c.HOT,202109131105,SHORT,OPEN,2472,5,,6.05,597
DCE.m.HOT,202109131110,SHORT,CLOSE,3533,2,,0,598
DCE.m.HOT,202109131115,SHORT,CLOSE,3535,2,,0,599
DCE.m.HOT,202109131115,SHORT,CLOSE,3535,1,,0,599
DCE.c.HOT,202109131115,SHORT,CLOSE,2477,1,,0,599
DCE.m.HOT,202109131120,LONG,OPEN,3534,5,,7.55,600
DCE.c.HOT,202109131125,SHORT,CLOSE,2476,4,,0,601
DCE.c.HOT,202109131125,LONG,OPEN,2476,2,,2.42,601
DCE.c.HOT,202109131130,LONG,CLOSE,2477,2,,0,602
DCE.c.HOT,202109131130,SHORT,OPEN,2477,5,,6.05,602
DCE.cs.HOT,202109131335,SHORT,CLOSE,2840,1,,0,603
DCE.c.HOT,202109131340,SHORT,CLOSE,2479,5,,0,604
DCE.c.HOT,202109131340,LONG,OPEN,2479,5,,6.05,604
DCE.cs.HOT,202109131345,SHORT,OPEN,2847,1,,1.51,605
DCE.c.HOT,202109131405,LONG,CLOSE,2482,2,,0,609
DCE.c.HOT,202109131410,LONG,CLOSE,2479,3,,0,610
DCE.c.HOT,202109131410,SHORT,OPEN,2479,5,,6.05,610
DCE.c.HOT,202109131500,SHORT,CLOSE,2477,1,,0,620
DCE.c.HOT,202109132105,SHORT,CLOSE,2475,4,,4.84,621
DCE.c.HOT,202109132105,LONG,OPEN,2475,5,,6.05,621
DCE.cs.HOT,202109132110,SHORT,CLOSE,2832,4,,6.04,622
DCE.cs.HOT,202109132110,SHORT,CLOSE,2832,1,,1.51,622
DCE.cs.HOT,202109132110,LONG,OPEN,2832,5,,7.55,622
DCE.cs.HOT,202109132115,LONG,CLOSE,2822,5,,0,623
DCE.cs.HOT,202109132115,SHORT,OPEN,2822,3,,4.53,623
DCE.cs.HOT,202109132120,SHORT,OPEN,2828,2,,3.02,624
DCE.y.HOT,202109132125,LONG,CLOSE,8990,5,,12.55,625
DCE.y.HOT,202109132125,SHORT,OPEN,8990,5,,12.55,625
DCE.y.HOT,202109132130,SHORT,CLOSE,8994,3,,0,626
DCE.m.HOT,202109132135,LONG,CLOSE,3514,5,,7.55,627
DCE.m.HOT,202109132135,SHORT,OPEN,3514,5,,7.55,627
DCE.y.HOT,202109132135,SHORT,CLOSE,8986,2,,0,627
DCE.cs.HOT,202109132135,SHORT,CLOSE,2825,3,,0,627
DCE.cs.HOT,202109132135,SHORT,CLOSE,2825,2,,0,627
DCE.cs.HOT,202109132135,LONG,OPEN,2825,5,,7.55,627
DCE.y.HOT,202109132140,SHORT,OPEN,9000,5,,12.55,628
DCE.c.HOT,202109132140,LONG,CLOSE,2461,1,,0,628
DCE.c.HOT,202109132145,LONG,CLOSE,2460,4,,0,629
DCE.c.HOT,202109132145,SHORT,OPEN,2460,5,,6.05,629
DCE.m.HOT,202109132150,SHORT,CLOSE,3519,5,,0,630
DCE.m.HOT,202109132150,LONG,OPEN,3519,4,,6.04,630
DCE.y.HOT,202109132150,SHORT,CLOSE,8990,3,,0,630
DCE.m.HOT,202109132155,LONG,OPEN,3518,1,,1.51,631
DCE.y.HOT,202109132155,SHORT,OPEN,8980,3,,7.53,631
DCE.c.HOT,202109132155,SHORT,CLOSE,2458,5,,0,631
DCE.c.HOT,202109132155,LONG,OPEN,2458,5,,6.05,631
DCE.y.HOT,202109132205,SHORT,CLOSE,8982,2,,0,633
DCE.y.HOT,202109132205,SHORT,CLOSE,8982,3,,0,633
DCE.y.HOT,202109132205,LONG,OPEN,8982,5,,12.55,633
DCE.y.HOT,202109132210,LONG,CLOSE,8966,2,,0,634
DCE.y.HOT,202109132215,LONG,CLOSE,8962,3,,0,635
DCE.y.HOT,202109132215,SHORT,OPEN,8962,3,,7.53,635
DCE.c.HOT,202109132215,LONG,CLOSE,2459,2,,0,635
DCE.y.HOT,202109132220,SHORT,CLOSE,8964,3,,0,636
DCE.y.HOT,202109132220,LONG,OPEN,8964,3,,7.53,636
DCE.c.HOT,202109132220,LONG,CLOSE,2459,3,,0,636
DCE.c.HOT,202109132220,SHORT,OPEN,2459,5,,6.05,636
DCE.y.HOT,202109132225,LONG,CLOSE,8942,3,,0,637
DCE.y.HOT,202109132225,SHORT,OPEN,8942,5,,12.55,637
DCE.c.HOT,202109132230,SHORT,CLOSE,2459,4,,0,638
DCE.c.HOT,202109132235,SHORT,OPEN,2458,4,,4.84,639
DCE.cs.HOT,202109140920,LONG,CLOSE,2799,1,,0,648
DCE.cs.HOT,202109140925,LONG,OPEN,2808,1,,1.51,649
DCE.cs.HOT,202109140930,LONG,CLOSE,2809,4,,0,650
DCE.cs.HOT,202109140930,LONG,CLOSE,2809,1,,0,650
DCE.cs.HOT,202109140930,SHORT,OPEN,2809,3,,4.53,650
DCE.cs.HOT,202109140935,SHORT,CLOSE,2810,3,,0,651
DCE.cs.HOT,202109140935,LONG,OPEN,2810,5,,7.55,651
DCE.cs.HOT,202109140940,LONG,CLOSE,2810,3,,0,652
DCE.cs.HOT,202109140945,LONG,CLOSE,2809,2,,0,653
DCE.cs.HOT,202109140945,SHORT,OPEN,2809,5,,7.55,653
DCE.c.HOT,202109140955,SHORT,CLOSE,2460,1,,0,655
DCE.c.HOT,202109140955,SHORT,CLOSE,2460,2,,0,655
DCE.c.HOT,202109141000,SHORT,CLOSE,2458,2,,0,656
DCE.c.HOT,202109141000,LONG,OPEN,2458,5,,6.05,656
DCE.c.HOT,202109141015,LONG,CLOSE,2458,5,,0,659
DCE.c.HOT,202109141015,SHORT,OPEN,2458,5,,6.05,659
DCE.cs.HOT,202109141040,SHORT,CLOSE,2808,5,,0,661
DCE.cs.HOT,202109141040,LONG,OPEN,2808,3,,4.53,661
DCE.c.HOT,202109141045,SHORT,CLOSE,2459,1,,0,662
DCE.cs.HOT,202109141045,LONG,OPEN,2811,2,,3.02,662
DCE.y.HOT,202109141050,SHORT,CLOSE,8950,5,,0,663
DCE.y.HOT,202109141050,LONG,OPEN,8950,5,,12.55,663
DCE.c.HOT,202109141050,SHORT,CLOSE,2459,4,,0,663
DCE.c.HOT,202109141050,LONG,OPEN,2459,5,,6.05,663
DCE.c.HOT,202109141125,LONG,CLOSE,2458,1,,0,670
DCE.c.HOT,202109141130,LONG,OPEN,2459,1,,1.21,671
DCE.y.HOT,202109142105,LONG,CLOSE,9002,5,,12.55,690
DCE.y.HOT,202109142105,SHORT,OPEN,9002,5,,12.55,690
DCE.y.HOT,202109142110,SHORT,CLOSE,9000,5,,0,691
DCE.y.HOT,202109142110,LONG,OPEN,9000,5,,12.55,691
DCE.c.HOT,202109142115,LONG,CLOSE,2461,4,,4.84,692
DCE.c.HOT,202109142115,LONG,CLOSE,2461,1,,1.21,692
DCE.c.HOT,202109142115,SHORT,OPEN,2461,5,,6.05,692
DCE.c.HOT,202109142120,SHORT,CLOSE,2469,5,,0,693
DCE.c.HOT,202109142120,LONG,OPEN,2469,5,,6.05,693
DCE.cs.HOT,202109142120,LONG,CLOSE,2817,1,,1.51,693
DCE.cs.HOT,202109142125,LONG,OPEN,2818,1,,1.51,694
DCE.c.HOT,202109142205,LONG,CLOSE,2470,5,,0,702
DCE.c.HOT,202109142205,SHORT,OPEN,2470,5,,6.05,702
DCE.c.HOT,202109142215,SHORT,CLOSE,2469,5,,0,704
DCE.c.HOT,202109142215,LONG,OPEN,2469,3,,3.63,704
DCE.c.HOT,202109142220,LONG,OPEN,2471,2,,2.42,705
DCE.y.HOT,202109142255,LONG,CLOSE,8938,5,,0,712
DCE.y.HOT,202109142255,SHORT,OPEN,8938,2,,5.02,712
DCE.y.HOT,202109142300,SHORT,CLOSE,8936,2,,0,713
DCE.y.HOT,202109142300,LONG,OPEN,8936,5,,12.55,713
DCE.y.HOT,202109150905,LONG,CLOSE,8918,5,,0,714
DCE.y.HOT,202109150905,SHORT,OPEN,8918,5,,12.55,714
DCE.y.HOT,202109150910,SHORT,CLOSE,8924,5,,0,715
DCE.y.HOT,202109150910,LONG,OPEN,8924,5,,12.55,715
DCE.y.HOT,202109150915,LONG,CLOSE,8886,5,,0,716
DCE.y.HOT,202109150915,SHORT,OPEN,8886,5,,12.55,716
DCE.y.HOT,202109150950,SHORT,CLOSE,8914,5,,0,723
DCE.y.HOT,202109150950,LONG,OPEN,8914,5,,12.55,723
DCE.m.HOT,202109151050,LONG,CLOSE,3527,4,,6.04,732
DCE.m.HOT,202109151050,LONG,CLOSE,3527,1,,1.51,732
DCE.m.HOT,202109151055,SHORT,OPEN,3529,5,,7.55,733
DCE.m.HOT,202109151100,SHORT,CLOSE,3529,5,,0,734
DCE.m.HOT,202109151100,LONG,OPEN,3529,4,,6.04,734
DCE.c.HOT,202109151100,LONG,CLOSE,2469,1,,0,734
DCE.m.HOT,202109151105,LONG,OPEN,3532,1,,1.51,735
DCE.c.HOT,202109151105,LONG,OPEN,2469,1,,1.21,735
DCE.cs.HOT,202109151105,LONG,CLOSE,2814,1,,1.51,735
DCE.cs.HOT,202109151110,LONG,CLOSE,2815,1,,1.51,736
DCE.cs.HOT,202109151110,LONG,CLOSE,2815,2,,3.02,736
DCE.cs.HOT,202109151110,LONG,CLOSE,2815,1,,0,736
DCE.cs.HOT,202109151110,SHORT,OPEN,2815,3,,4.53,736
DCE.cs.HOT,202109151115,SHORT,CLOSE,2815,3,,0,737
DCE.cs.HOT,202109151115,LONG,OPEN,2815,3,,4.53,737
DCE.cs.HOT,202109151120,LONG,CLOSE,2814,3,,0,738
DCE.cs.HOT,202109151120,SHORT,OPEN,2814,5,,7.55,738
DCE.cs.HOT,202109151335,SHORT,CLOSE,2814,2,,0,741
DCE.c.HOT,202109151340,LONG,CLOSE,2463,2,,0,742
DCE.c.HOT,202109151340,LONG,CLOSE,2463,2,,0,742
DCE.c.HOT,202109151340,LONG,CLOSE,2463,1,,0,742
DCE.c.HOT,202109151340,SHORT,OPEN,2463,5,,6.05,742
DCE.cs.HOT,202109151340,SHORT,CLOSE,2812,3,,0,742
DCE.cs.HOT,202109151340,LONG,OPEN,2812,5,,7.55,742
DCE.c.HOT,202109151350,SHORT,CLOSE,2462,5,,0,744
DCE.c.HOT,202109151350,LONG,OPEN,2462,5,,6.05,744
DCE.c.HOT,202109151355,LONG,CLOSE,2460,1,,0,745
DCE.m.HOT,202109151400,LONG,CLOSE,3534,4,,0,746
DCE.m.HOT,202109151400,LONG,CLOSE,3534,1,,0,746
DCE.m.HOT,202109151400,SHORT,OPEN,3534,4,,6.04,746
DCE.c.HOT,202109151400,LONG,OPEN,2457,1,,1.21,746
DCE.m.HOT,202109151405,SHORT,OPEN,3534,1,,1.51,747
DCE.m.HOT,202109151420,SHORT,CLOSE,3535,2,,0,750
DCE.m.HOT,202109151425,SHORT,CLOSE,3534,2,,0,751
DCE.m.HOT,202109151425,SHORT,CLOSE,3534,1,,0,751
DCE.m.HOT,202109151425,LONG,OPEN,3534,1,,1.51,751
DCE.m.HOT,202109151430,LONG,OPEN,3539,4,,6.04,752
DCE.c.HOT,202109151455,LONG,CLOSE,2460,4,,0,757
DCE.c.HOT,202109151455,LONG,CLOSE,2460,1,,0,757
DCE.c.HOT,202109151455,SHORT,OPEN,2460,1,,1.21,757
DCE.c.HOT,202109151500,SHORT,CLOSE,2459,1,,0,758
DCE.c.HOT,202109152105,LONG,OPEN,2457,2,,2.42,759
DCE.c.HOT,202109152110,LONG,CLOSE,2461,2,,0,760
DCE.c.HOT,202109152110,SHORT,OPEN,2461,5,,6.05,760
DCE.c.HOT,202109152115,SHORT,CLOSE,2457,5,,0,761
DCE.c.HOT,202109152115,LONG,OPEN,2457,2,,2.42,761
DCE.c.HOT,202109152120,LONG,OPEN,2457,3,,3.63,762
DCE.c.HOT,202109152125,LONG,CLOSE,2456,2,,0,763
DCE.c.HOT,202109152125,LONG,CLOSE,2456,3,,0,763
DCE.c.HOT,202109152125,SHORT,OPEN,2456,5,,6.05,763
DCE.c.HOT,202109152130,SHORT,CLOSE,2450,2,,0,764
DCE.m.HOT,202109152135,LONG,CLOSE,3530,1,,1.51,765
DCE.m.HOT,202109152135,LONG,CLOSE,3530,4,,6.04,765
DCE.m.HOT,202109152135,SHORT,OPEN,3530,5,,7.55,765
DCE.c.HOT,202109152135,SHORT,OPEN,2456,2,,2.42,765
DCE.m.HOT,202109152145,SHORT,CLOSE,3514,5,,0,767
DCE.m.HOT,202109152145,LONG,OPEN,3514,1,,1.51,767
DCE.m.HOT,202109152150,LONG,OPEN,3516,4,,6.04,768
DCE.c.HOT,202109152155,SHORT,CLOSE,2452,3,,0,769
DCE.c.HOT,202109152155,SHORT,CLOSE,2452,2,,0,769
DCE.c.HOT,202109152155,LONG,OPEN,2452,5,,6.05,769
DCE.m.HOT,202109160905,LONG,CLOSE,3541,1,,0,783
DCE.m.HOT,202109160905,LONG,CLOSE,3541,4,,0,783
DCE.m.HOT,202109160905,SHORT,OPEN,3541,2,,3.02,783
DCE.m.HOT,202109160910,SHORT,OPEN,3544,3,,4.53,784
DCE.c.HOT,202109160910,LONG,CLOSE,2445,5,,0,784
DCE.c.HOT,202109160910,SHORT,OPEN,2445,5,,6.05,784
DCE.m.HOT,202109160915,SHORT,CLOSE,3545,2,,0,785
DCE.m.HOT,202109160915,SHORT,CLOSE,3545,3,,0,785
DCE.m.HOT,202109160915,LONG,OPEN,3545,5,,7.55,785
DCE.c.HOT,202109160915,SHORT,CLOSE,2453,2,,0,785
DCE.c.HOT,202109160920,SHORT,OPEN,2452,2,,2.42,786
DCE.c.HOT,202109160955,SHORT,CLOSE,2448,3,,0,793
DCE.c.HOT,202109160955,SHORT,CLOSE,2448,2,,0,793
DCE.c.HOT,202109160955,LONG,OPEN,2448,5,,6.05,793
DCE.m.HOT,202109161005,LONG,CLOSE,3535,5,,0,795
DCE.m.HOT,202109161005,SHORT,OPEN,3535,5,,7.55,795
DCE.cs.HOT,202109161010,LONG,CLOSE,2795,1,,1.51,796
DCE.m.HOT,202109161015,SHORT,CLOSE,3535,2,,0,797
DCE.cs.HOT,202109161015,LONG,CLOSE,2797,3,,4.53,797
DCE.m.HOT,202109161035,SHORT,CLOSE,3535,3,,0,798
DCE.m.HOT,202109161035,LONG,OPEN,3535,5,,7.55,798
DCE.cs.HOT,202109161035,LONG,OPEN,2797,4,,6.04,798
DCE.y.HOT,202109161110,LONG,CLOSE,9110,5,,12.55,805
DCE.y.HOT,202109161110,SHORT,OPEN,9110,5,,12.55,805
DCE.y.HOT,202109161355,SHORT,CLOSE,9100,1,,0,814
DCE.y.HOT,202109161400,SHORT,CLOSE,9088,4,,0,815
DCE.y.HOT,202109161400,LONG,OPEN,9088,5,,12.55,815
DCE.y.HOT,202109161405,LONG,CLOSE,9084,5,,0,816
DCE.y.HOT,202109161405,SHORT,OPEN,9084,5,,12.55,816
DCE.c.HOT,202109161430,LONG,CLOSE,2441,4,,0,821
DCE.c.HOT,202109161435,LONG,OPEN,2441,4,,4.84,822
DCE.cs.HOT,202109161450,LONG,CLOSE,2808,1,,1.51,825
DCE.cs.HOT,202109161450,LONG,CLOSE,2808,4,,0,825
DCE.cs.HOT,202109161455,LONG,OPEN,2811,4,,6.04,826
DCE.y.HOT,202109161500,SHORT,CLOSE,9104,5,,0,827
DCE.y.HOT,202109161500,LONG,OPEN,9104,3,,7.53,827
DCE.cs.HOT,202109161500,LONG,CLOSE,2814,4,,0,827
DCE.cs.HOT,202109161500,SHORT,OPEN,2814,4,,6.04,827
DCE.y.HOT,202109162105,LONG,OPEN,9094,2,,5.02,828
DCE.c.HOT,202109162105,LONG,CLOSE,2442,1,,1.21,828
DCE.c.HOT,202109162105,LONG,CLOSE,2442,4,,4.84,828
DCE.c.HOT,202109162105,SHORT,OPEN,2442,5,,6.05,828
DCE.cs.HOT,202109162105,SHORT,CLOSE,2825,4,,6.04,828
DCE.cs.HOT,202109162105,LONG,OPEN,2825,3,,4.53,828
DCE.c.HOT,202109162110,SHORT,CLOSE,2444,1,,0,829
DCE.cs.HOT,202109162110,LONG,CLOSE,2820,1,,0,829
DCE.m.HOT,202109162115,LONG,CLOSE,3567,3,,4.53,830
DCE.c.HOT,202109162115,SHORT,CLOSE,2445,4,,0,830
DCE.c.HOT,202109162115,LONG,OPEN,2445,5,,6.05,830
DCE.cs.HOT,202109162115,LONG,CLOSE,2826,2,,0,830
DCE.cs.HOT,202109162115,SHORT,OPEN,2826,5,,7.55,830
DCE.m.HOT,202109162120,LONG,OPEN,3574,1,,1.51,831
DCE.cs.HOT,202109162120,SHORT,CLOSE,2828,5,,0,831
DCE.cs.HOT,202109162120,LONG,OPEN,2828,5,,7.55,831
DCE.m.HOT,202109162125,LONG,CLOSE,3575,2,,3.02,832
DCE.m.HOT,202109162125,LONG,CLOSE,3575,1,,0,832
DCE.m.HOT,202109162125,SHORT,OPEN,3575,5,,7.55,832
DCE.cs.HOT,202109162125,LONG,CLOSE,2835,3,,0,832
DCE.cs.HOT,202109162130,LONG,CLOSE,2830,2,,0,833
DCE.cs.HOT,202109162130,SHORT,OPEN,2830,5,,7.55,833
DCE.cs.HOT,202109162140,SHORT,CLOSE,2830,5,,0,835
DCE.cs.HOT,202109162140,LONG,OPEN,2830,3,,4.53,835
DCE.cs.HOT,202109162150,LONG,CLOSE,2827,1,,0,837
DCE.cs.HOT,202109162155,LONG,OPEN,2827,2,,3.02,838
DCE.cs.HOT,202109162205,LONG,CLOSE,2828,2,,0,840
DCE.cs.HOT,202109162205,LONG,CLOSE,2828,2,,0,840
DCE.cs.HOT,202109162210,LONG,OPEN,2828,2,,3.02,841
DCE.cs.HOT,202109162215,LONG,CLOSE,2828,1,,0,842
DCE.cs.HOT,202109162220,LONG,OPEN,2828,3,,4.53,843
DCE.cs.HOT,202109162225,LONG,CLOSE,2830,1,,0,844
DCE.cs.HOT,202109162225,LONG,CLOSE,2830,3,,0,844
DCE.cs.HOT,202109162225,SHORT,OPEN,2830,4,,6.04,844
DCE.cs.HOT,202109162235,SHORT,CLOSE,2826,4,,0,846
DCE.y.HOT,202109162240,LONG,CLOSE,9058,2,,5.02,847
DCE.cs.HOT,202109162240,LONG,OPEN,2823,4,,6.04,847
DCE.y.HOT,202109162245,LONG,OPEN,9058,1,,2.51,848
DCE.y.HOT,202109162250,LONG,OPEN,9030,1,,2.51,849
DCE.cs.HOT,202109162250,LONG,OPEN,2824,1,,1.51,849
DCE.m.HOT,202109170935,SHORT,CLOSE,3567,5,,0,858
DCE.m.HOT,202109170935,LONG,OPEN,3567,5,,7.55,858
DCE.cs.HOT,202109170935,LONG,CLOSE,2819,4,,0,858
DCE.cs.HOT,202109170935,LONG,CLOSE,2819,1,,0,858
DCE.cs.HOT,202109170935,SHORT,OPEN,2819,4,,6.04,858
DCE.cs.HOT,202109170940,SHORT,OPEN,2821,1,,1.51,859
DCE.y.HOT,202109171015,LONG,CLOSE,9036,1,,2.51,866
DCE.y.HOT,202109171015,LONG,CLOSE,9036,2,,0,866
DCE.y.HOT,202109171015,LONG,CLOSE,9036,1,,0,866
DCE.y.HOT,202109171015,LONG,CLOSE,9036,1,,0,866
DCE.y.HOT,202109171015,SHORT,OPEN,9036,5,,12.55,866
DCE.y.HOT,202109171035,SHORT,CLOSE,9042,5,,0,867
DCE.y.HOT,202109171035,LONG,OPEN,9042,5,,12.55,867
DCE.m.HOT,202109171040,LONG,CLOSE,3560,5,,0,868
DCE.m.HOT,202109171040,SHORT,OPEN,3560,5,,7.55,868
DCE.cs.HOT,202109171040,SHORT,CLOSE,2833,4,,0,868
DCE.cs.HOT,202109171040,SHORT,CLOSE,2833,1,,0,868
DCE.cs.HOT,202109171040,LONG,OPEN,2833,4,,6.04,868
DCE.cs.HOT,202109171045,LONG,CLOSE,2832,4,,0,869
DCE.cs.HOT,202109171045,SHORT,OPEN,2832,5,,7.55,869
DCE.cs.HOT,202109171050,SHORT,CLOSE,2836,5,,0,870
DCE.cs.HOT,202109171050,LONG,OPEN,2836,5,,7.55,870
DCE.c.HOT,202109171100,LONG,CLOSE,2440,1,,0,872
DCE.c.HOT,202109171105,LONG,CLOSE,2441,4,,0,873
DCE.c.HOT,202109171105,SHORT,OPEN,2441,5,,6.05,873
DCE.c.HOT,202109171110,SHORT,CLOSE,2441,5,,0,874
DCE.c.HOT,202109171110,LONG,OPEN,2441,2,,2.42,874
DCE.c.HOT,202109171115,LONG,CLOSE,2442,2,,0,875
DCE.c.HOT,202109171115,SHORT,OPEN,2442,3,,3.63,875
DCE.m.HOT,202109171120,SHORT,CLOSE,3559,1,,0,876
DCE.c.HOT,202109171120,SHORT,OPEN,2443,2,,2.42,876
DCE.m.HOT,202109171125,SHORT,OPEN,3561,1,,1.51,877
DCE.m.HOT,202109171340,SHORT,CLOSE,3567,1,,0,880
DCE.m.HOT,202109171345,SHORT,OPEN,3566,1,,1.51,881
DCE.c.HOT,202109171355,SHORT,CLOSE,2441,3,,0,883
DCE.m.HOT,202109171400,SHORT,CLOSE,3567,3,,0,884
DCE.m.HOT,202109171400,SHORT,CLOSE,3567,1,,0,884
DCE.m.HOT,202109171400,SHORT,CLOSE,3567,1,,0,884
DCE.m.HOT,202109171400,LONG,OPEN,3567,5,,7.55,884
DCE.c.HOT,202109171400,SHORT,OPEN,2443,3,,3.63,884
DCE.m.HOT,202109171405,LONG,CLOSE,3565,3,,0,885
DCE.c.HOT,202109171405,SHORT,CLOSE,2443,2,,0,885
DCE.c.HOT,202109171405,SHORT,CLOSE,2443,3,,0,885
DCE.c.HOT,202109171405,LONG,OPEN,2443,5,,6.05,885
DCE.m.HOT,202109171410,LONG,OPEN,3566,2,,3.02,886
DCE.m.HOT,202109171415,LONG,OPEN,3567,1,,1.51,887
DCE.cs.HOT,202109171440,LONG,CLOSE,2851,2,,0,892
DCE.cs.HOT,202109171445,LONG,CLOSE,2858,1,,0,893
DCE.m.HOT,202109171450,LONG,CLOSE,3567,1,,0,894
DCE.y.HOT,202109171450,LONG,CLOSE,8858,1,,0,894
DCE.cs.HOT,202109171450,LONG,CLOSE,2866,2,,0,894
DCE.cs.HOT,202109171450,SHORT,OPEN,2866,5,,7.55,894
DCE.m.HOT,202109171455,LONG,CLOSE,3573,1,,0,895
DCE.m.HOT,202109171455,LONG,CLOSE,3573,2,,0,895
DCE.m.HOT,202109171455,LONG,CLOSE,3573,1,,0,895
DCE.m.HOT,202109171455,SHORT,OPEN,3573,5,,7.55,895
DCE.y.HOT,202109171455,LONG,OPEN,8852,1,,2.51,895
DCE.m.HOT,202109220910,SHORT,CLOSE,3558,4,,6.04,898
DCE.y.HOT,202109220910,LONG,CLOSE,8870,4,,10.04,898
DCE.y.HOT,202109220910,LONG,CLOSE,8870,1,,2.51,898
DCE.y.HOT,202109220910,SHORT,OPEN,8870,5,,12.55,898
DCE.c.HOT,202109220910,LONG,CLOSE,2439,1,,1.21,898
DCE.cs.HOT,202109220910,SHORT,CLOSE,2854,5,,7.55,898
DCE.cs.HOT,202109220910,LONG,OPEN,2854,5,,7.55,898
DCE.m.HOT,202109220915,SHORT,OPEN,3548,4,,6.04,899
DCE.y.HOT,202109220915,SHORT,CLOSE,8878,5,,0,899
DCE.y.HOT,202109220915,LONG,OPEN,8878,5,,12.55,899
DCE.c.HOT,202109220915,LONG,OPEN,2439,1,,1.21,899
DCE.cs.HOT,202109220925,LONG,CLOSE,2875,4,,0,901
DCE.cs.HOT,202109220930,LONG,OPEN,2874,4,,6.04,902
DCE.m.HOT,202109220945,SHORT,CLOSE,3542,1,,1.51,905
DCE.m.HOT,202109220945,SHORT,CLOSE,3542,4,,0,905
DCE.m.HOT,202109220945,LONG,OPEN,3542,1,,1.51,905
DCE.c.HOT,202109220945,LONG,CLOSE,2446,4,,4.84,905
DCE.c.HOT,202109220945,LONG,CLOSE,2446,1,,0,905
DCE.c.HOT,202109220945,SHORT,OPEN,2446,4,,4.84,905
DCE.m.HOT,202109220950,LONG,CLOSE,3541,1,,0,906
DCE.m.HOT,202109220950,SHORT,OPEN,3541,1,,1.51,906
DCE.c.HOT,202109220950,SHORT,CLOSE,2448,4,,0,906
DCE.c.HOT,202109220950,LONG,OPEN,2448,5,,6.05,906
DCE.cs.HOT,202109220950,LONG,CLOSE,2878,1,,0,906
DCE.cs.HOT,202109220950,LONG,CLOSE,2878,4,,0,906
DCE.cs.HOT,202109220950,SHORT,OPEN,2878,5,,7.55,906
DCE.m.HOT,202109220955,SHORT,CLOSE,3536,1,,0,907
DCE.m.HOT,202109220955,LONG,OPEN,3536,5,,7.55,907
DCE.cs.HOT,202109221040,SHORT,CLOSE,2894,5,,0,913
DCE.cs.HOT,202109221040,LONG,OPEN,2894,5,,7.55,913
DCE.cs.HOT,202109221050,LONG,CLOSE,2895,5,,0,915
DCE.cs.HOT,202109221050,SHORT,OPEN,2895,5,,7.55,915
DCE.m.HOT,202109221105,LONG,CLOSE,3549,1,,0,918
DCE.m.HOT,202109221110,LONG,CLOSE,3545,4,,0,919
DCE.m.HOT,202109221115,SHORT,OPEN,3545,4,,6.04,920
DCE.m.HOT,202109221120,SHORT,OPEN,3542,1,,1.51,921
DCE.c.HOT,202109221120,LONG,CLOSE,2465,5,,0,921
DCE.c.HOT,202109221125,LONG,OPEN,2464,4,,4.84,922
DCE.c.HOT,202109221130,LONG,CLOSE,2465,3,,0,923
DCE.c.HOT,202109221335,LONG,CLOSE,2464,1,,0,924
DCE.c.HOT,202109221335,SHORT,OPEN,2464,5,,6.05,924
DCE.c.HOT,202109221340,SHORT,CLOSE,2462,5,,0,925
DCE.c.HOT,202109221340,LONG,OPEN,2462,4,,4.84,925
DCE.c.HOT,202109221345,LONG,CLOSE,2459,4,,0,926
DCE.c.HOT,202109221345,SHORT,OPEN,2459,5,,6.05,926
DCE.c.HOT,202109221350,SHORT,CLOSE,2459,5,,0,927
DCE.c.HOT,202109221350,LONG,OPEN,2459,4,,4.84,927
DCE.c.HOT,202109221355,LONG,OPEN,2461,1,,1.21,928
DCE.cs.HOT,202109221400,SHORT,CLOSE,2891,1,,0,929
DCE.cs.HOT,202109221410,SHORT,CLOSE,2891,4,,0,931
DCE.cs.HOT,202109221410,LONG,OPEN,2891,5,,7.55,931
DCE.cs.HOT,202109221440,LONG,CLOSE,2899,3,,0,937
DCE.cs.HOT,202109221445,LONG,CLOSE,2898,2,,0,938
DCE.cs.HOT,202109221445,SHORT,OPEN,2898,5,,7.55,938
DCE.cs.HOT,202109221450,SHORT,CLOSE,2897,5,,0,939
DCE.cs.HOT,202109221450,LONG,OPEN,2897,5,,7.55,939
DCE.m.HOT,202109221500,SHORT,CLOSE,3536,4,,0,941
DCE.m.HOT,202109221500,SHORT,CLOSE,3536,1,,0,941
DCE.cs.HOT,202109221500,LONG,CLOSE,2897,5,,0,941
DCE.cs.HOT,202109221500,SHORT,OPEN,2897,1,,1.51,941
DCE.m.HOT,202109222105,LONG,OPEN,3540,5,,7.55,942
DCE.cs.HOT,202109222105,SHORT,CLOSE,2894,1,,1.51,942
DCE.cs.HOT,202109222105,LONG,OPEN,2894,5,,7.55,942
DCE.cs.HOT,202109222125,LONG,CLOSE,2877,5,,0,946
DCE.cs.HOT,202109222125,SHORT,OPEN,2877,4,,6.04,946
DCE.cs.HOT,202109222130,SHORT,OPEN,2879,1,,1.51,947
DCE.cs.HOT,202109222140,SHORT,CLOSE,2882,1,,0,949
DCE.c.HOT,202109222145,LONG,CLOSE,2461,4,,4.84,950
DCE.cs.HOT,202109222145,SHORT,CLOSE,2880,3,,0,950
DCE.cs.HOT,202109222145,SHORT,CLOSE,2880,1,,0,950
DCE.cs.HOT,202109222145,LONG,OPEN,2880,4,,6.04,950
DCE.c.HOT,202109222150,LONG,CLOSE,2460,1,,1.21,951
DCE.c.HOT,202109222150,SHORT,OPEN,2460,5,,6.05,951
DCE.cs.HOT,202109222150,LONG,OPEN,2879,1,,1.51,951
DCE.c.HOT,202109222205,SHORT,CLOSE,2460,5,,0,954
DCE.c.HOT,202109222205,LONG,OPEN,2460,1,,1.21,954
DCE.cs.HOT,202109222205,LONG,CLOSE,2878,4,,0,954
DCE.cs.HOT,202109222205,LONG,CLOSE,2878,1,,0,954
DCE.cs.HOT,202109222205,SHORT,OPEN,2878,5,,7.55,954
DCE.c.HOT,202109222210,LONG,CLOSE,2461,1,,0,955
DCE.c.HOT,202109222210,SHORT,OPEN,2461,2,,2.42,955
DCE.c.HOT,202109222215,SHORT,OPEN,2459,3,,3.63,956
DCE.cs.HOT,202109230915,SHORT,CLOSE,2885,1,,0,968
DCE.cs.HOT,202109230920,SHORT,OPEN,2889,1,,1.51,969
DCE.cs.HOT,202109230935,SHORT,CLOSE,2886,4,,0,972
DCE.cs.HOT,202109230935,SHORT,CLOSE,2886,1,,0,972
DCE.cs.HOT,202109230935,LONG,OPEN,2886,5,,7.55,972
DCE.m.HOT,202109231000,LONG,CLOSE,3548,5,,0,977
DCE.m.HOT,202109231000,SHORT,OPEN,3548,5,,7.55,977
DCE.cs.HOT,202109231050,LONG,CLOSE,2892,5,,0,984
DCE.cs.HOT,202109231050,SHORT,OPEN,2892,5,,7.55,984
DCE.m.HOT,202109231055,SHORT,CLOSE,3539,1,,0,985
DCE.m.HOT,202109231100,SHORT,OPEN,3540,1,,1.51,986
DCE.cs.HOT,202109231100,SHORT,CLOSE,2894,5,,0,986
DCE.cs.HOT,202109231100,LONG,OPEN,2894,5,,7.55,986
DCE.cs.HOT,202109231105,LONG,CLOSE,2893,1,,0,987
DCE.m.HOT,202109231110,SHORT,CLOSE,3540,4,,0,988
DCE.m.HOT,202109231110,SHORT,CLOSE,3540,1,,0,988
DCE.m.HOT,202109231110,LONG,OPEN,3540,4,,6.04,988
DCE.cs.HOT,202109231110,LONG,OPEN,2894,1,,1.51,988
DCE.m.HOT,202109231115,LONG,CLOSE,3537,3,,0,989
DCE.m.HOT,202109231120,LONG,CLOSE,3539,1,,0,990
DCE.m.HOT,202109231120,SHORT,OPEN,3539,4,,6.04,990
DCE.cs.HOT,202109231120,LONG,CLOSE,2898,4,,0,990
DCE.cs.HOT,202109231120,LONG,CLOSE,2898,1,,0,990
DCE.cs.HOT,202109231120,SHORT,OPEN,2898,2,,3.02,990
DCE.m.HOT,202109231125,SHORT,CLOSE,3540,1,,0,991
DCE.cs.HOT,202109231125,SHORT,CLOSE,2897,2,,0,991
DCE.cs.HOT,202109231125,LONG,OPEN,2897,3,,4.53,991
DCE.m.HOT,202109231130,SHORT,OPEN,3543,1,,1.51,992
DCE.cs.HOT,202109231130,LONG,OPEN,2898,2,,3.02,992
DCE.m.HOT,202109231335,SHORT,CLOSE,3543,3,,0,993
DCE.m.HOT,202109231335,SHORT,CLOSE,3543,1,,0,993
DCE.m.HOT,202109231335,LONG,OPEN,3543,5,,7.55,993
DCE.m.HOT,202109231420,LONG,CLOSE,3543,5,,0,1002
DCE.m.HOT,202109231420,SHORT,OPEN,3543,3,,4.53,1002
DCE.m.HOT,202109231425,SHORT,CLOSE,3541,3,,0,1003
DCE.m.HOT,202109231430,SHORT,OPEN,3542,1,,1.51,1004
DCE.m.HOT,202109231435,SHORT,CLOSE,3539,1,,0,1005
DCE.m.HOT,202109231435,LONG,OPEN,3539,4,,6.04,1005
DCE.cs.HOT,202109231435,LONG,CLOSE,2892,3,,0,1005
DCE.cs.HOT,202109231435,LONG,CLOSE,2892,2,,0,1005
DCE.m.HOT,202109231440,LONG,CLOSE,3542,4,,0,1006
DCE.m.HOT,202109231440,SHORT,OPEN,3542,5,,7.55,1006
DCE.cs.HOT,202109231440,LONG,OPEN,2893,5,,7.55,1006
DCE.m.HOT,202109231445,SHORT,CLOSE,3543,5,,0,1007
DCE.m.HOT,202109231445,LONG,OPEN,3543,1,,1.51,1007
DCE.m.HOT,202109231450,LONG,CLOSE,3541,1,,0,1008
DCE.m.HOT,202109231450,SHORT,OPEN,3541,2,,3.02,1008
DCE.cs.HOT,202109231450,LONG,CLOSE,2893,1,,0,1008
DCE.m.HOT,202109231455,SHORT,CLOSE,3540,2,,0,1009
DCE.m.HOT,202109231455,LONG,OPEN,3540,3,,4.53,1009
DCE.cs.HOT,202109231455,LONG,OPEN,2889,1,,1.51,1009
DCE.m.HOT,202109231500,LONG,CLOSE,3540,3,,0,1010
DCE.m.HOT,202109231500,SHORT,OPEN,3540,1,,1.51,1010
DCE.m.HOT,202109232105,SHORT,CLOSE,3535,1,,1.51,1011
DCE.m.HOT,202109232105,LONG,OPEN,3535,5,,7.55,1011
DCE.m.HOT,202109232140,LONG,CLOSE,3528,2,,0,1018
DCE.m.HOT,202109232145,LONG,CLOSE,3528,3,,0,1019
DCE.m.HOT,202109232145,SHORT,OPEN,3528,2,,3.02,1019
DCE.cs.HOT,202109232145,LONG,CLOSE,2915,4,,6.04,1019
DCE.cs.HOT,202109232145,LONG,CLOSE,2915,1,,1.51,1019
DCE.cs.HOT,202109232145,SHORT,OPEN,2915,2,,3.02,1019
DCE.m.HOT,202109232150,SHORT,OPEN,3530,3,,4.53,1020
DCE.cs.HOT,202109232150,SHORT,OPEN,2913,3,,4.53,1020
DCE.m.HOT,202109232155,SHORT,CLOSE,3529,2,,0,1021
DCE.m.HOT,202109232155,SHORT,CLOSE,3529,3,,0,1021
DCE.m.HOT,202109232155,LONG,OPEN,3529,5,,7.55,1021
DCE.cs.HOT,202109232210,SHORT,CLOSE,2916,2,,0,1024
DCE.cs.HOT,202109232210,SHORT,CLOSE,2916,1,,0,1024
DCE.cs.HOT,202109232215,SHORT,CLOSE,2917,2,,0,1025
DCE.cs.HOT,202109232215,LONG,OPEN,2917,4,,6.04,1025
DCE.cs.HOT,202109232220,LONG,CLOSE,2916,4,,0,1026
DCE.cs.HOT,202109232220,SHORT,OPEN,2916,3,,4.53,1026
DCE.cs.HOT,202109232225,SHORT,CLOSE,2918,3,,0,1027
DCE.cs.HOT,202109232225,LONG,OPEN,2918,4,,6.04,1027
DCE.cs.HOT,202109232230,LONG,CLOSE,2918,1,,0,1028
DCE.cs.HOT,202109232235,LONG,OPEN,2917,2,,3.02,1029
DCE.m.HOT,202109240925,LONG,CLOSE,3523,5,,0,1039
DCE.m.HOT,202109240925,SHORT,OPEN,3523,5,,7.55,1039
DCE.cs.HOT,202109241050,LONG,CLOSE,2915,3,,0,1053
DCE.cs.HOT,202109241050,LONG,CLOSE,2915,2,,0,1053
DCE.cs.HOT,202109241050,SHORT,OPEN,2915,5,,7.55,1053
DCE.cs.HOT,202109241120,SHORT,CLOSE,2914,5,,0,1059
DCE.cs.HOT,202109241120,LONG,OPEN,2914,5,,7.55,1059
DCE.c.HOT,202109241355,SHORT,CLOSE,2489,2,,2.42,1066
DCE.c.HOT,202109241400,SHORT,OPEN,2487,2,,2.42,1067
DCE.c.HOT,202109241435,SHORT,CLOSE,2487,3,,3.63,1074
DCE.c.HOT,202109241440,SHORT,OPEN,2486,3,,3.63,1075
DCE.c.HOT,202109241445,SHORT,CLOSE,2486,2,,0,1076
DCE.c.HOT,202109241445,SHORT,CLOSE,2486,3,,0,1076
DCE.c.HOT,202109241445,LONG,OPEN,2486,5,,6.05,1076
DCE.c.HOT,202109241450,LONG,CLOSE,2486,5,,0,1077
DCE.c.HOT,202109241450,SHORT,OPEN,2486,5,,6.05,1077
DCE.c.HOT,202109241455,SHORT,CLOSE,2485,1,,0,1078
DCE.c.HOT,202109241500,SHORT,CLOSE,2485,3,,0,1079
DCE.m.HOT,202109242105,SHORT,CLOSE,3510,4,,6.04,1080
DCE.c.HOT,202109242105,SHORT,CLOSE,2485,1,,1.21,1080
DCE.c.HOT,202109242105,LONG,OPEN,2485,5,,6.05,1080
DCE.m.HOT,202109242110,SHORT,OPEN,3513,4,,6.04,1081
DCE.c.HOT,202109242110,LONG,CLOSE,2479,2,,0,1081
DCE.c.HOT,202109242115,LONG,OPEN,2482,1,,1.21,1082
DCE.c.HOT,202109242120,LONG,OPEN,2478,1,,1.21,1083
DCE.m.HOT,202109242250,SHORT,CLOSE,3495,1,,1.51,1101
DCE.m.HOT,202109242250,SHORT,CLOSE,3495,4,,0,1101
DCE.m.HOT,202109242250,LONG,OPEN,3495,1,,1.51,1101
DCE.m.HOT,202109242255,LONG,OPEN,3491,4,,6.04,1102
DCE.c.HOT,202109270915,LONG,CLOSE,2477,3,,0,1106
DCE.c.HOT,202109270915,LONG,CLOSE,2477,1,,0,1106
DCE.c.HOT,202109270915,LONG,CLOSE,2477,1,,0,1106
DCE.c.HOT,202109270915,SHORT,OPEN,2477,5,,6.05,1106
DCE.m.HOT,202109270920,LONG,CLOSE,3508,1,,0,1107
DCE.m.HOT,202109270920,LONG,CLOSE,3508,4,,0,1107
DCE.m.HOT,202109270920,SHORT,OPEN,3508,5,,7.55,1107
DCE.cs.HOT,202109270930,LONG,CLOSE,2926,1,,1.51,1109
DCE.cs.HOT,202109270935,LONG,OPEN,2921,1,,1.51,1110
DCE.cs.HOT,202109271005,LONG,CLOSE,2928,4,,6.04,1116
DCE.cs.HOT,202109271005,LONG,CLOSE,2928,1,,0,1116
DCE.cs.HOT,202109271005,SHORT,OPEN,2928,5,,7.55,1116
DCE.c.HOT,202109271115,SHORT,CLOSE,2482,1,,0,1127
DCE.c.HOT,202109271120,SHORT,CLOSE,2482,4,,0,1128
DCE.c.HOT,202109271120,LONG,OPEN,2482,5,,6.05,1128
DCE.cs.HOT,202109271450,SHORT,CLOSE,2947,5,,0,1146
DCE.cs.HOT,202109271450,LONG,OPEN,2947,5,,7.55,1146
DCE.cs.HOT,202109272110,LONG,CLOSE,2943,5,,7.55,1150
DCE.cs.HOT,202109272110,SHORT,OPEN,2943,3,,4.53,1150
DCE.m.HOT,202109272115,SHORT,CLOSE,3540,2,,3.02,1151
DCE.cs.HOT,202109272115,SHORT,CLOSE,2943,3,,0,1151
DCE.cs.HOT,202109272115,LONG,OPEN,2943,5,,7.55,1151
DCE.m.HOT,202109272120,SHORT,CLOSE,3542,3,,4.53,1152
DCE.cs.HOT,202109272120,LONG,CLOSE,2941,5,,0,1152
DCE.cs.HOT,202109272120,SHORT,OPEN,2941,5,,7.55,1152
DCE.m.HOT,202109272125,SHORT,OPEN,3544,5,,7.55,1153
DCE.m.HOT,202109272135,SHORT,CLOSE,3541,1,,0,1155
DCE.m.HOT,202109272140,SHORT,OPEN,3542,1,,1.51,1156
DCE.m.HOT,202109272230,SHORT,CLOSE,3542,1,,0,1166
DCE.m.HOT,202109272235,SHORT,CLOSE,3539,3,,0,1167
DCE.m.HOT,202109272235,SHORT,CLOSE,3539,1,,0,1167
DCE.m.HOT,202109272235,LONG,OPEN,3539,5,,7.55,1167
DCE.m.HOT,202109280910,LONG,CLOSE,3532,5,,0,1174
DCE.m.HOT,202109280910,SHORT,OPEN,3532,5,,7.55,1174
DCE.m.HOT,202109280915,SHORT,CLOSE,3524,5,,0,1175
DCE.m.HOT,202109280915,LONG,OPEN,3524,5,,7.55,1175
DCE.cs.HOT,202109280935,SHORT,CLOSE,2959,1,,0,1179
DCE.cs.HOT,202109280940,SHORT,OPEN,2961,1,,1.51,1180
DCE.cs.HOT,202109280945,SHORT,CLOSE,2965,4,,0,1181
DCE.cs.HOT,202109280945,SHORT,CLOSE,2965,1,,0,1181
DCE.cs.HOT,202109280945,LONG,OPEN,2965,2,,3.02,1181
DCE.cs.HOT,202109280950,LONG,OPEN,2964,3,,4.53,1182
DCE.cs.HOT,202109281000,LONG,CLOSE,2964,2,,0,1184
DCE.cs.HOT,202109281000,LONG,CLOSE,2964,1,,0,1184
DCE.cs.HOT,202109281005,LONG,OPEN,2961,3,,4.53,1185
DCE.cs.HOT,202109281350,LONG,CLOSE,2965,2,,0,1203
DCE.cs.HOT,202109281355,LONG,CLOSE,2964,3,,0,1204
DCE.cs.HOT,202109281355,SHORT,OPEN,2964,5,,7.55,1204
DCE.cs.HOT,202109281440,SHORT,CLOSE,2964,5,,0,1213
DCE.cs.HOT,202109281440,LONG,OPEN,2964,4,,6.04,1213
DCE.cs.HOT,202109281445,LONG,OPEN,2962,1,,1.51,1214
DCE.c.HOT,202109282115,LONG,CLOSE,2472,5,,6.05,1220
DCE.c.HOT,202109282115,SHORT,OPEN,2472,5,,6.05,1220
DCE.c.HOT,202109282120,SHORT,CLOSE,2475,5,,0,1221
DCE.c.HOT,202109282120,LONG,OPEN,2475,5,,6.05,1221
DCE.c.HOT,202109282130,LONG,CLOSE,2476,2,,0,1223
DCE.c.HOT,202109282135,LONG,OPEN,2476,2,,2.42,1224
DCE.m.HOT,202109290905,LONG,CLOSE,3478,5,,7.55,1242
DCE.m.HOT,202109290905,SHORT,OPEN,3478,5,,7.55,1242
DCE.m.HOT,202109290910,SHORT,CLOSE,3474,2,,0,1243
DCE.m.HOT,202109290915,SHORT,CLOSE,3474,3,,0,1244
DCE.m.HOT,202109290915,LONG,OPEN,3474,5,,7.55,1244
DCE.cs.HOT,202109290920,LONG,CLOSE,3023,4,,6.04,1245
DCE.cs.HOT,202109290920,LONG,CLOSE,3023,1,,1.51,1245
DCE.cs.HOT,202109290920,SHORT,OPEN,3023,5,,7.55,1245
DCE.cs.HOT,202109290925,SHORT,CLOSE,3033,2,,0,1246
DCE.cs.HOT,202109290930,SHORT,CLOSE,3024,3,,0,1247
DCE.cs.HOT,202109290930,LONG,OPEN,3024,4,,6.04,1247
DCE.m.HOT,202109290935,LONG,CLOSE,3467,5,,0,1248
DCE.m.HOT,202109290935,SHORT,OPEN,3467,4,,6.04,1248
DCE.c.HOT,202109290935,LONG,CLOSE,2473,3,,0,1248
DCE.c.HOT,202109290935,LONG,CLOSE,2473,2,,0,1248
DCE.c.HOT,202109290935,SHORT,OPEN,2473,5,,6.05,1248
DCE.cs.HOT,202109290935,LONG,OPEN,3018,1,,1.51,1248
DCE.m.HOT,202109290940,SHORT,CLOSE,3466,4,,0,1249
DCE.m.HOT,202109290940,LONG,OPEN,3466,3,,4.53,1249
DCE.m.HOT,202109290945,LONG,OPEN,3466,2,,3.02,1250
DCE.m.HOT,202109290955,LONG,CLOSE,3476,2,,0,1252
DCE.c.HOT,202109290955,SHORT,CLOSE,2475,5,,0,1252
DCE.c.HOT,202109290955,LONG,OPEN,2475,5,,6.05,1252
DCE.m.HOT,202109291000,LONG,OPEN,3473,1,,1.51,1253
DCE.m.HOT,202109291005,LONG,CLOSE,3472,1,,0,1254
DCE.m.HOT,202109291005,LONG,CLOSE,3472,2,,0,1254
DCE.m.HOT,202109291005,LONG,CLOSE,3472,1,,0,1254
DCE.m.HOT,202109291005,SHORT,OPEN,3472,5,,7.55,1254
DCE.c.HOT,202109291005,LONG,CLOSE,2471,1,,0,1254
DCE.c.HOT,202109291010,LONG,CLOSE,2472,1,,0,1255
DCE.c.HOT,202109291015,LONG,CLOSE,2471,3,,0,1256
DCE.c.HOT,202109291015,SHORT,OPEN,2471,2,,2.42,1256
DCE.m.HOT,202109291035,SHORT,CLOSE,3467,5,,0,1257
DCE.m.HOT,202109291035,LONG,OPEN,3467,5,,7.55,1257
DCE.c.HOT,202109291035,SHORT,OPEN,2471,3,,3.63,1257
DCE.c.HOT,202109291045,SHORT,CLOSE,2475,2,,0,1259
DCE.c.HOT,202109291045,SHORT,CLOSE,2475,3,,0,1259
DCE.c.HOT,202109291045,LONG,OPEN,2475,5,,6.05,1259
DCE.m.HOT,202109291055,LONG,CLOSE,3469,2,,0,1261
DCE.m.HOT,202109291100,LONG,CLOSE,3467,3,,0,1262
DCE.m.HOT,202109291100,SHORT,OPEN,3467,5,,7.55,1262
DCE.m.HOT,202109291110,SHORT,CLOSE,3467,1,,0,1264
DCE.m.HOT,202109291115,SHORT,CLOSE,3467,3,,0,1265
DCE.m.HOT,202109291120,SHORT,CLOSE,3467,1,,0,1266
DCE.m.HOT,202109291120,LONG,OPEN,3467,5,,7.55,1266
DCE.m.HOT,202109291335,LONG,CLOSE,3467,5,,0,1269
DCE.m.HOT,202109291335,SHORT,OPEN,3467,5,,7.55,1269
DCE.m.HOT,202109291350,SHORT,CLOSE,3491,3,,0,1272
DCE.m.HOT,202109291355,SHORT,OPEN,3493,1,,1.51,1273
DCE.m.HOT,202109291400,SHORT,CLOSE,3485,2,,0,1274
DCE.m.HOT,202109291400,SHORT,CLOSE,3485,1,,0,1274
DCE.m.HOT,202109291400,LONG,OPEN,3485,5,,7.55,1274
DCE.m.HOT,202109291405,LONG,CLOSE,3492,1,,0,1275
DCE.m.HOT,202109291410,LONG,CLOSE,3488,4,,0,1276
DCE.m.HOT,202109291410,SHORT,OPEN,3488,4,,6.04,1276
DCE.m.HOT,202109291415,SHORT,CLOSE,3488,4,,0,1277
DCE.m.HOT,202109291415,LONG,OPEN,3488,2,,3.02,1277
DCE.m.HOT,202109291420,LONG,OPEN,3487,3,,4.53,1278
DCE.m.HOT,202109291440,LONG,CLOSE,3485,2,,0,1282
DCE.m.HOT,202109291440,LONG,CLOSE,3485,3,,0,1282
DCE.m.HOT,202109291440,SHORT,OPEN,3485,2,,3.02,1282
DCE.m.HOT,202109291445,SHORT,CLOSE,3485,2,,0,1283
DCE.m.HOT,202109291450,SHORT,OPEN,3481,3,,4.53,1284
DCE.m.HOT,202109291455,SHORT,CLOSE,3481,3,,0,1285
DCE.m.HOT,202109291455,LONG,OPEN,3481,1,,1.51,1285
DCE.m.HOT,202109291500,LONG,CLOSE,3482,1,,0,1286
DCE.m.HOT,202109291500,SHORT,OPEN,3482,5,,7.55,1286
DCE.c.HOT,202109291500,LONG,CLOSE,2482,1,,0,1286
DCE.c.HOT,202109292105,LONG,CLOSE,2481,4,,4.84,1287
DCE.c.HOT,202109292105,SHORT,OPEN,2481,5,,6.05,1287
DCE.m.HOT,202109292110,SHORT,CLOSE,3484,2,,3.02,1288
DCE.m.HOT,202109292115,SHORT,CLOSE,3482,3,,4.53,1289
DCE.m.HOT,202109292115,LONG,OPEN,3482,5,,7.55,1289
DCE.m.HOT,202109292205,LONG,CLOSE,3486,5,,0,1299
DCE.m.HOT,202109292205,SHORT,OPEN,3486,5,,7.55,1299
DCE.m.HOT,202109292220,SHORT,CLOSE,3481,5,,0,1302
DCE.m.HOT,202109292220,LONG,OPEN,3481,2,,3.02,1302
DCE.m.HOT,202109292225,LONG,CLOSE,3475,2,,0,1303
DCE.m.HOT,202109292225,SHORT,OPEN,3475,5,,7.55,1303
DCE.cs.HOT,202109292255,LONG,CLOSE,3023,4,,6.04,1309
DCE.cs.HOT,202109292255,LONG,CLOSE,3023,1,,1.51,1309
DCE.cs.HOT,202109292255,SHORT,OPEN,3023,5,,7.55,1309
DCE.m.HOT,202109300925,SHORT,CLOSE,3481,5,,0,1315
DCE.m.HOT,202109300930,SHORT,OPEN,3475,2,,3.02,1316
DCE.m.HOT,202109300935,SHORT,OPEN,3471,3,,4.53,1317
DCE.cs.HOT,202109300940,SHORT,CLOSE,3021,1,,0,1318
DCE.m.HOT,202109300945,SHORT,CLOSE,3467,2,,0,1319
DCE.cs.HOT,202109300945,SHORT,CLOSE,3010,4,,0,1319
DCE.cs.HOT,202109300945,LONG,OPEN,3010,5,,7.55,1319
DCE.m.HOT,202109300950,SHORT,OPEN,3468,2,,3.02,1320
DCE.m.HOT,202109301015,SHORT,CLOSE,3466,3,,0,1325
DCE.m.HOT,202109301015,SHORT,CLOSE,3466,2,,0,1325
DCE.m.HOT,202109301035,SHORT,OPEN,3464,5,,7.55,1326
DCE.m.HOT,202109301045,SHORT,CLOSE,3463,2,,0,1328
DCE.m.HOT,202109301050,SHORT,CLOSE,3461,3,,0,1329
DCE.m.HOT,202109301050,LONG,OPEN,3461,2,,3.02,1329
DCE.m.HOT,202109301055,LONG,OPEN,3464,3,,4.53,1330
DCE.cs.HOT,202109301120,LONG,CLOSE,3028,5,,0,1335
DCE.cs.HOT,202109301125,LONG,OPEN,3028,4,,6.04,1336
DCE.m.HOT,202109301335,LONG,CLOSE,3464,2,,0,1338
DCE.m.HOT,202109301335,LONG,CLOSE,3464,3,,0,1338
DCE.cs.HOT,202109301335,LONG,OPEN,3038,1,,1.51,1338
DCE.m.HOT,202109301340,SHORT,OPEN,3468,5,,7.55,1339
DCE.cs.HOT,202109301340,LONG,CLOSE,3030,1,,0,1339
DCE.cs.HOT,202109301345,LONG,CLOSE,3032,3,,0,1340
DCE.cs.HOT,202109301345,LONG,CLOSE,3032,1,,0,1340
DCE.cs.HOT,202109301345,SHORT,OPEN,3032,5,,7.55,1340
DCE.cs.HOT,202109301350,SHORT,CLOSE,3031,5,,0,1341
DCE.cs.HOT,202109301350,LONG,OPEN,3031,5,,7.55,1341
DCE.cs.HOT,202109301440,LONG,CLOSE,3036,2,,0,1351
DCE.cs.HOT,202109301445,LONG,CLOSE,3033,3,,0,1352
DCE.cs.HOT,202109301445,SHORT,OPEN,3033,5,,7.55,1352
DCE.cs.HOT,202109301450,SHORT,CLOSE,3032,5,,0,1353
DCE.cs.HOT,202109301450,LONG,OPEN,3032,2,,3.02,1353
DCE.cs.HOT,202109301455,LONG,OPEN,3029,3,,4.53,1354
DCE.cs.HOT,202110080905,LONG,CLOSE,3030,1,,1.51,1356
DCE.cs.HOT,202110080910,LONG,OPEN,3014,1,,1.51,1357
DCE.c.HOT,202110080920,SHORT,CLOSE,2486,5,,6.05,1359
DCE.c.HOT,202110080920,LONG,OPEN,2486,5,,6.05,1359
DCE.c.HOT,202110080925,LONG,CLOSE,2485,5,,0,1360
DCE.c.HOT,202110080925,SHORT,OPEN,2485,3,,3.63,1360
DCE.c.HOT,202110080930,SHORT,CLOSE,2490,3,,0,1361
DCE.c.HOT,202110080930,LONG,OPEN,2490,1,,1.21,1361
DCE.c.HOT,202110080935,LONG,OPEN,2495,4,,4.84,1362
DCE.c.HOT,202110080950,LONG,CLOSE,2492,1,,0,1365
DCE.c.HOT,202110080950,LONG,CLOSE,2492,4,,0,1365
DCE.c.HOT,202110080950,SHORT,OPEN,2492,3,,3.63,1365
DCE.c.HOT,202110080955,SHORT,OPEN,2489,2,,2.42,1366
DCE.m.HOT,202110081035,SHORT,CLOSE,3364,5,,7.55,1371
DCE.m.HOT,202110081035,LONG,OPEN,3364,2,,3.02,1371
DCE.c.HOT,202110081040,SHORT,CLOSE,2489,3,,0,1372
DCE.c.HOT,202110081040,SHORT,CLOSE,2489,2,,0,1372
DCE.c.HOT,202110081040,LONG,OPEN,2489,2,,2.42,1372
DCE.m.HOT,202110081045,LONG,CLOSE,3361,2,,0,1373
DCE.m.HOT,202110081045,SHORT,OPEN,3361,5,,7.55,1373
DCE.c.HOT,202110081045,LONG,OPEN,2486,3,,3.63,1373
DCE.m.HOT,202110081050,SHORT,CLOSE,3359,1,,0,1374
DCE.m.HOT,202110081100,SHORT,OPEN,3353,1,,1.51,1376
DCE.c.HOT,202110081120,LONG,CLOSE,2486,2,,0,1380
DCE.c.HOT,202110081120,LONG,CLOSE,2486,3,,0,1380
DCE.c.HOT,202110081120,SHORT,OPEN,2486,5,,6.05,1380
DCE.c.HOT,202110082300,SHORT,CLOSE,2501,3,,3.63,1424
DCE.c.HOT,202110110905,SHORT,OPEN,2500,3,,3.63,1425
DCE.cs.HOT,202110111120,LONG,CLOSE,2992,1,,1.51,1449
DCE.cs.HOT,202110111120,LONG,CLOSE,2992,3,,4.53,1449
DCE.cs.HOT,202110111120,LONG,CLOSE,2992,1,,1.51,1449
DCE.cs.HOT,202110111120,SHORT,OPEN,2992,3,,4.53,1449
DCE.cs.HOT,202110111130,SHORT,OPEN,2990,2,,3.02,1451
DCE.cs.HOT,202110111340,SHORT,CLOSE,2995,3,,0,1453
DCE.cs.HOT,202110111340,SHORT,CLOSE,2995,2,,0,1453
DCE.cs.HOT,202110111340,LONG,OPEN,2995,5,,7.55,1453
DCE.c.HOT,202110111400,SHORT,CLOSE,2542,2,,2.42,1457
DCE.c.HOT,202110111400,SHORT,CLOSE,2542,3,,0,1457
DCE.c.HOT,202110111400,LONG,OPEN,2542,5,,6.05,1457
DCE.cs.HOT,202110111420,LONG,CLOSE,2993,5,,0,1461
DCE.cs.HOT,202110111420,SHORT,OPEN,2993,5,,7.55,1461
DCE.cs.HOT,202110112115,SHORT,CLOSE,2970,5,,7.55,1472
DCE.cs.HOT,202110112115,LONG,OPEN,2970,5,,7.55,1472
DCE.c.HOT,202110112135,LONG,CLOSE,2534,5,,6.05,1476
DCE.c.HOT,202110112135,SHORT,OPEN,2534,5,,6.05,1476
DCE.cs.HOT,202110112135,LONG,CLOSE,2962,4,,0,1476
DCE.cs.HOT,202110112140,LONG,CLOSE,2965,1,,0,1477
DCE.cs.HOT,202110112140,SHORT,OPEN,2965,5,,7.55,1477
DCE.c.HOT,202110112145,SHORT,CLOSE,2539,5,,0,1478
DCE.c.HOT,202110112145,LONG,OPEN,2539,5,,6.05,1478
DCE.c.HOT,202110112150,LONG,CLOSE,2535,3,,0,1479
DCE.c.HOT,202110112155,LONG,OPEN,2533,2,,2.42,1480
DCE.c.HOT,202110112200,LONG,OPEN,2534,1,,1.21,1481
DCE.cs.HOT,202110112205,SHORT,CLOSE,2966,5,,0,1482
DCE.cs.HOT,202110112205,LONG,OPEN,2966,4,,6.04,1482
DCE.cs.HOT,202110112210,LONG,OPEN,2963,1,,1.51,1483
DCE.m.HOT,202110112215,SHORT,CLOSE,3319,1,,1.51,1484
DCE.m.HOT,202110112220,SHORT,CLOSE,3320,3,,4.53,1485
DCE.m.HOT,202110112220,SHORT,CLOSE,3320,1,,1.51,1485
DCE.m.HOT,202110112225,LONG,OPEN,3319,5,,7.55,1486
DCE.c.HOT,202110112225,LONG,CLOSE,2535,2,,0,1486
DCE.c.HOT,202110112225,LONG,CLOSE,2535,2,,0,1486
DCE.c.HOT,202110112225,LONG,CLOSE,2535,1,,0,1486
DCE.c.HOT,202110112225,SHORT,OPEN,2535,4,,4.84,1486
DCE.c.HOT,202110112230,SHORT,OPEN,2534,1,,1.21,1487
DCE.c.HOT,202110112235,SHORT,CLOSE,2534,1,,0,1488
DCE.c.HOT,202110112240,SHORT,OPEN,2533,1,,1.21,1489
DCE.c.HOT,202110112250,SHORT,CLOSE,2532,3,,0,1491
DCE.c.HOT,202110112250,SHORT,CLOSE,2532,1,,0,1491
DCE.c.HOT,202110112250,SHORT,CLOSE,2532,1,,0,1491
DCE.c.HOT,202110112250,LONG,OPEN,2532,5,,6.05,1491
DCE.c.HOT,202110112255,LONG,CLOSE,2534,3,,0,1492
DCE.c.HOT,202110120905,LONG,CLOSE,2533,2,,0,1494
DCE.c.HOT,202110120910,LONG,OPEN,2538,5,,6.05,1495
DCE.cs.HOT,202110120925,LONG,CLOSE,2993,4,,0,1498
DCE.cs.HOT,202110120925,LONG,CLOSE,2993,1,,0,1498
DCE.cs.HOT,202110120925,SHORT,OPEN,2993,1,,1.51,1498
DCE.cs.HOT,202110120930,SHORT,CLOSE,2989,1,,0,1499
DCE.cs.HOT,202110120930,LONG,OPEN,2989,4,,6.04,1499
DCE.m.HOT,202110120935,LONG,CLOSE,3286,4,,0,1500
DCE.cs.HOT,202110120935,LONG,CLOSE,2989,4,,0,1500
DCE.cs.HOT,202110120935,SHORT,OPEN,2989,2,,3.02,1500
DCE.m.HOT,202110120940,LONG,CLOSE,3281,1,,0,1501
DCE.m.HOT,202110120940,SHORT,OPEN,3281,1,,1.51,1501
DCE.cs.HOT,202110120940,SHORT,CLOSE,2986,2,,0,1501
DCE.cs.HOT,202110120940,LONG,OPEN,2986,4,,6.04,1501
DCE.m.HOT,202110120945,SHORT,OPEN,3294,4,,6.04,1502
DCE.cs.HOT,202110120945,LONG,OPEN,2982,1,,1.51,1502
DCE.m.HOT,202110120950,SHORT,CLOSE,3295,1,,0,1503
DCE.m.HOT,202110120950,SHORT,CLOSE,3295,4,,0,1503
DCE.m.HOT,202110120950,LONG,OPEN,3295,5,,7.55,1503
DCE.m.HOT,202110121005,LONG,CLOSE,3309,2,,0,1506
DCE.c.HOT,202110121005,LONG,CLOSE,2538,5,,0,1506
DCE.c.HOT,202110121005,SHORT,OPEN,2538,4,,4.84,1506
DCE.cs.HOT,202110121005,LONG,CLOSE,2986,2,,0,1506
DCE.m.HOT,202110121010,LONG,CLOSE,3308,3,,0,1507
DCE.m.HOT,202110121010,SHORT,OPEN,3308,4,,6.04,1507
DCE.c.HOT,202110121010,SHORT,CLOSE,2537,2,,0,1507
DCE.cs.HOT,202110121010,LONG,CLOSE,2977,2,,0,1507
DCE.cs.HOT,202110121010,LONG,CLOSE,2977,1,,0,1507
DCE.cs.HOT,202110121010,SHORT,OPEN,2977,5,,7.55,1507
DCE.m.HOT,202110121015,SHORT,OPEN,3310,1,,1.51,1508
DCE.c.HOT,202110121015,SHORT,OPEN,2534,2,,2.42,1508
DCE.c.HOT,202110121040,SHORT,OPEN,2536,1,,1.21,1510
DCE.m.HOT,202110121050,SHORT,CLOSE,3295,4,,0,1512
DCE.m.HOT,202110121050,SHORT,CLOSE,3295,1,,0,1512
DCE.m.HOT,202110121050,LONG,OPEN,3295,2,,3.02,1512
DCE.m.HOT,202110121055,LONG,CLOSE,3302,2,,0,1513
DCE.m.HOT,202110121055,SHORT,OPEN,3302,2,,3.02,1513
DCE.c.HOT,202110121055,SHORT,CLOSE,2533,2,,0,1513
DCE.cs.HOT,202110121055,SHORT,CLOSE,2983,1,,0,1513
DCE.m.HOT,202110121100,SHORT,CLOSE,3303,1,,0,1514
DCE.c.HOT,202110121100,SHORT,OPEN,2535,2,,2.42,1514
DCE.m.HOT,202110121105,SHORT,CLOSE,3303,1,,0,1515
DCE.m.HOT,202110121105,LONG,OPEN,3303,5,,7.55,1515
DCE.cs.HOT,202110121105,SHORT,CLOSE,2983,1,,0,1515
DCE.m.HOT,202110121110,LONG,CLOSE,3300,5,,0,1516
DCE.m.HOT,202110121110,SHORT,OPEN,3300,4,,6.04,1516
DCE.m.HOT,202110121115,SHORT,CLOSE,3301,1,,0,1517
DCE.c.HOT,202110121115,SHORT,CLOSE,2531,1,,0,1517
DCE.cs.HOT,202110121115,SHORT,CLOSE,2981,3,,0,1517
DCE.cs.HOT,202110121115,LONG,OPEN,2981,1,,1.51,1517
DCE.m.HOT,202110121120,SHORT,OPEN,3304,2,,3.02,1518
DCE.c.HOT,202110121120,SHORT,OPEN,2534,1,,1.21,1518
DCE.cs.HOT,202110121120,LONG,OPEN,2984,4,,6.04,1518
DCE.c.HOT,202110121350,SHORT,CLOSE,2541,1,,0,1524
DCE.c.HOT,202110121350,SHORT,CLOSE,2541,1,,0,1524
DCE.c.HOT,202110121350,SHORT,CLOSE,2541,2,,0,1524
DCE.c.HOT,202110121350,SHORT,CLOSE,2541,1,,0,1524
DCE.c.HOT,202110121350,LONG,OPEN,2541,1,,1.21,1524
DCE.c.HOT,202110121355,LONG,OPEN,2541,2,,2.42,1525
DCE.c.HOT,202110121400,LONG,OPEN,2539,2,,2.42,1526
DCE.cs.HOT,202110121400,LONG,CLOSE,2987,1,,0,1526
DCE.cs.HOT,202110121400,LONG,CLOSE,2987,4,,0,1526
DCE.cs.HOT,202110121400,SHORT,OPEN,2987,2,,3.02,1526
DCE.cs.HOT,202110121405,SHORT,CLOSE,2989,2,,0,1527
DCE.cs.HOT,202110121405,LONG,OPEN,2989,5,,7.55,1527
DCE.cs.HOT,202110121500,LONG,CLOSE,2993,5,,0,1538
DCE.cs.HOT,202110121500,SHORT,OPEN,2993,2,,3.02,1538
DCE.cs.HOT,202110122105,SHORT,CLOSE,3001,2,,3.02,1539
DCE.cs.HOT,202110122105,LONG,OPEN,3001,5,,7.55,1539
DCE.cs.HOT,202110122115,LONG,CLOSE,3060,5,,0,1541
DCE.cs.HOT,202110122115,SHORT,OPEN,3060,5,,7.55,1541
DCE.cs.HOT,202110122120,SHORT,CLOSE,3065,5,,0,1542
DCE.cs.HOT,202110122120,LONG,OPEN,3065,5,,7.55,1542
DCE.cs.HOT,202110122240,LONG,CLOSE,3062,2,,0,1558
DCE.m.HOT,202110122245,SHORT,CLOSE,3268,1,,1.51,1559
DCE.cs.HOT,202110122245,LONG,CLOSE,3066,3,,0,1559
DCE.cs.HOT,202110122245,SHORT,OPEN,3066,5,,7.55,1559
DCE.m.HOT,202110122250,SHORT,OPEN,3273,1,,1.51,1560
DCE.cs.HOT,202110122250,SHORT,CLOSE,3062,3,,0,1560
DCE.cs.HOT,202110122255,SHORT,CLOSE,3064,2,,0,1561
DCE.cs.HOT,202110122255,LONG,OPEN,3064,5,,7.55,1561
DCE.cs.HOT,202110130925,LONG,CLOSE,3041,5,,0,1567
DCE.cs.HOT,202110130925,SHORT,OPEN,3041,5,,7.55,1567
DCE.m.HOT,202110130955,SHORT,CLOSE,3262,2,,3.02,1573
DCE.m.HOT,202110130955,SHORT,CLOSE,3262,2,,3.02,1573
DCE.m.HOT,202110130955,SHORT,CLOSE,3262,1,,0,1573
DCE.m.HOT,202110130955,LONG,OPEN,3262,2,,3.02,1573
DCE.cs.HOT,202110130955,SHORT,CLOSE,3034,5,,0,1573
DCE.cs.HOT,202110130955,LONG,OPEN,3034,5,,7.55,1573
DCE.m.HOT,202110131000,LONG,OPEN,3265,3,,4.53,1574
DCE.c.HOT,202110131035,LONG,CLOSE,2544,1,,1.21,1578
DCE.c.HOT,202110131040,LONG,CLOSE,2529,2,,2.42,1579
DCE.c.HOT,202110131040,LONG,CLOSE,2529,2,,2.42,1579
DCE.c.HOT,202110131040,SHORT,OPEN,2529,2,,2.42,1579
DCE.c.HOT,202110131045,SHORT,CLOSE,2538,2,,0,1580
DCE.c.HOT,202110131045,LONG,OPEN,2538,5,,6.05,1580
DCE.c.HOT,202110131125,LONG,CLOSE,2552,4,,0,1588
DCE.c.HOT,202110131130,LONG,CLOSE,2547,1,,0,1589
DCE.c.HOT,202110131130,SHORT,OPEN,2547,5,,6.05,1589
